tenure,monthly_charge,support_calls,num_products,has_contract,late_payments,churn
52,45.47,3,3,0,0,0
15,104.09,0,4,0,1,1
61,23.84,2,3,0,0,0
21,110.18,2,2,0,4,1
24,66.15,1,4,1,0,0
3,83.72,0,4,1,3,1
22,85.94,2,2,1,1,0
53,109.51,2,2,0,2,1
2,83.67,0,2,1,0,0
30,81.39,1,1,1,0,0
38,26.67,3,1,1,0,0
2,71.84,2,4,0,0,1
64,35.02,0,4,0,1,0
60,93.74,0,4,0,0,0
21,71.22,2,3,0,0,1
33,88.02,1,2,1,1,0
58,24.17,1,4,0,0,0
22,28.48,3,2,0,0,0
49,91.63,2,1,1,0,0
59,27.21,0,2,1,1,0
42,27.13,0,3,1,1,0
60,21.21,2,3,1,0,0
15,115.65,0,2,0,1,1
62,93.75,3,3,0,1,0
62,55.33,1,3,0,1,0
47,49.65,1,1,1,1,0
62,54.97,3,4,1,0,0
51,97.47,1,3,0,1,0
55,86.14,0,4,1,1,0
64,38.52,4,2,0,0,0
3,37.41,1,2,1,1,0
51,29.84,3,3,0,0,0
7,86.03,1,2,0,0,0
21,96.44,3,1,1,3,1
39,46.5,1,3,1,2,0
18,22.09,0,3,1,1,0
4,28.22,1,3,0,0,0
60,116.79,2,2,0,0,0
14,49.54,1,2,0,0,0
9,96.92,0,3,1,1,0
53,82.47,1,4,1,0,0
2,58.19,1,2,1,0,1
60,40.57,2,2,0,1,0
71,32.14,3,3,1,1,0
44,81.5,5,4,1,0,0
8,97.46,3,3,1,0,1
47,84.39,2,2,0,1,0
35,73.03,3,3,1,0,0
36,24.2,2,3,1,1,0
50,116.85,2,3,1,0,0
4,99.87,1,4,1,1,0
2,49.28,1,3,0,1,1
6,118.0,1,2,1,2,1
54,80.19,4,3,1,0,0
4,78.24,3,4,0,0,1
54,94.81,1,1,0,0,0
63,101.18,1,4,0,2,0
18,85.65,3,3,1,0,0
44,32.81,1,1,0,0,0
34,53.83,1,3,1,0,0
62,112.81,1,4,0,0,0
14,42.46,1,1,1,2,0
48,57.22,0,1,0,0,0
15,63.21,3,3,0,0,1
62,63.94,1,3,1,1,0
40,81.29,0,4,1,2,0
53,114.31,2,3,0,1,1
24,44.07,1,1,0,1,1
26,32.15,2,2,0,0,0
60,39.75,1,2,1,1,0
41,108.69,2,4,1,0,0
29,84.58,0,3,1,0,0
15,48.59,2,4,1,0,0
45,101.59,1,2,1,0,0
65,106.14,2,2,0,0,0
71,104.65,3,3,1,0,0
9,111.89,1,1,1,0,1
1,45.22,2,3,0,1,1
8,95.5,1,2,0,0,1
63,66.05,3,1,0,2,0
11,104.2,1,4,0,0,1
8,92.85,1,2,1,1,1
35,97.64,1,4,1,2,0
35,85.62,1,1,1,2,0
33,37.74,0,4,1,2,0
5,74.5,1,2,1,1,1
41,118.47,1,3,1,1,0
28,113.74,1,4,0,0,0
7,24.32,1,2,0,1,1
12,36.48,3,2,1,0,0
34,33.17,0,1,0,0,0
33,92.6,1,2,0,0,1
48,101.78,2,3,1,0,0
23,41.35,0,3,1,2,0
62,70.59,2,4,0,1,0
37,104.07,1,4,1,0,0
44,93.28,3,4,1,0,0
35,74.22,1,4,0,2,0
65,79.03,4,3,0,0,0
47,70.84,0,1,1,0,0
3,49.75,2,4,0,1,0
1,76.5,1,1,0,0,1
5,88.89,1,2,1,1,1
14,107.33,6,2,1,2,1
27,83.63,2,4,0,2,1
9,96.11,1,2,0,0,1
15,36.01,2,1,0,1,1
42,66.16,5,1,1,0,0
51,20.93,1,2,0,1,0
63,44.67,3,4,1,2,0
52,92.65,1,1,1,0,0
4,119.18,1,1,0,2,1
23,29.92,0,3,1,0,0
15,60.15,3,4,1,0,0
43,100.01,3,3,1,2,0
29,40.4,2,2,0,1,0
36,75.51,1,2,1,2,0
13,93.31,1,3,1,1,1
32,81.6,2,4,1,3,0
71,38.8,0,1,0,0,0
59,55.54,0,2,1,1,0
28,98.38,2,4,0,3,1
66,75.42,2,4,0,3,0
42,20.52,2,2,1,0,0
45,96.1,0,2,1,0,0
62,23.53,0,4,1,1,0
57,94.57,1,1,1,1,0
6,40.25,2,3,1,0,0
28,115.81,0,2,0,3,1
28,56.79,1,3,1,0,0
44,52.69,1,4,0,2,0
30,34.89,3,3,0,0,0
62,50.56,0,1,1,0,0
62,107.67,0,4,1,0,0
1,119.63,1,1,1,1,1
27,56.83,2,4,1,0,0
62,64.86,1,1,0,0,0
3,92.21,4,4,0,1,1
70,108.62,2,1,1,1,0
27,79.3,0,4,0,0,0
9,59.15,1,1,0,1,1
62,61.26,3,4,1,0,0
37,89.56,2,1,0,0,0
51,20.32,1,2,0,2,0
44,81.96,0,3,1,0,0
24,55.55,0,4,1,2,0
59,99.42,3,1,1,2,1
32,29.3,3,2,1,1,0
52,78.82,0,4,1,0,0
62,68.1,2,4,1,2,0
58,84.23,0,4,1,5,0
52,26.49,4,3,0,2,0
12,78.0,0,1,0,0,1
39,76.15,1,1,1,1,0
2,76.07,2,4,1,1,1
3,80.35,0,4,1,0,0
56,87.65,1,4,1,1,0
59,100.5,0,2,1,1,0
2,46.98,3,4,1,0,0
2,102.5,3,3,1,0,0
54,69.83,1,1,0,0,0
1,27.71,2,3,1,0,0
19,25.86,0,4,0,1,0
2,53.42,1,2,1,0,0
53,98.49,3,4,1,1,0
44,90.77,3,4,1,0,0
32,98.86,0,4,1,0,0
70,71.73,0,4,1,3,0
32,64.02,1,4,0,0,0
68,34.75,2,1,0,1,0
55,52.82,0,3,1,1,0
56,63.4,1,2,1,0,0
17,28.86,2,4,1,3,1
38,42.06,0,2,0,2,0
24,79.82,0,1,1,2,1
69,93.57,0,3,1,0,0
70,119.83,2,4,1,1,0
11,113.31,2,1,1,1,1
16,84.26,2,1,1,0,1
59,62.12,1,3,1,1,0
70,83.62,4,4,1,0,0
3,98.57,2,3,1,0,0
20,31.83,2,3,0,1,0
59,60.99,1,2,1,1,0
36,103.98,1,2,0,1,1
19,58.38,2,3,0,0,0
67,77.19,2,2,1,0,0
19,78.78,1,1,0,0,0
20,38.45,2,3,1,1,0
71,56.22,2,4,1,0,0
52,53.45,0,4,1,1,0
33,22.62,1,1,1,0,0
40,22.42,0,4,0,2,0
39,103.17,3,4,1,0,0
1,47.31,1,3,0,1,1
11,71.81,2,1,1,1,1
57,49.87,2,3,1,1,0
50,114.07,0,1,0,1,1
23,45.93,4,3,1,1,0
31,62.97,2,3,1,0,0
42,107.27,1,2,1,1,0
7,104.19,0,4,1,1,0
16,38.61,1,1,0,1,1
60,100.26,1,4,1,2,0
2,65.82,0,2,1,2,0
1,68.3,3,1,1,1,1
48,33.35,2,2,0,1,0
12,28.06,0,4,1,0,0
69,92.79,2,3,0,0,0
37,69.65,1,2,0,3,1
32,63.69,0,2,1,0,0
9,92.95,2,3,1,1,0
19,96.55,4,4,1,0,0
48,35.89,3,2,1,0,0
3,81.02,2,4,1,1,1
20,33.54,2,3,0,1,0
24,95.14,1,1,1,2,1
54,85.7,1,2,0,2,1
33,115.66,3,4,1,1,0
24,26.9,2,3,0,1,0
36,25.71,1,3,0,1,0
38,48.22,2,2,1,0,0
25,46.17,2,1,0,2,1
18,44.7,0,2,0,0,0
66,110.63,2,4,1,0,0
54,44.95,0,3,0,2,0
35,47.19,1,1,0,1,0
61,95.94,3,4,0,0,0
41,64.97,4,2,1,0,0
33,97.67,3,3,1,2,1
68,26.54,1,2,1,1,0
33,68.76,2,1,1,1,0
14,23.36,0,1,0,0,0
21,26.27,3,1,1,2,1
48,110.64,1,1,0,1,1
20,33.92,1,1,1,0,0
8,73.24,0,2,1,1,0
7,61.11,0,1,1,1,1
67,54.73,1,1,0,1,0
17,109.98,1,3,0,1,1
33,22.18,1,1,1,1,0
48,86.38,1,3,0,0,0
59,116.34,1,3,1,0,0
22,76.02,0,3,1,0,0
30,113.68,3,2,1,1,1
38,25.23,1,2,0,1,0
51,61.88,0,4,1,0,0
54,46.02,0,4,1,0,0
8,93.08,0,3,1,0,0
27,118.13,2,2,0,2,1
27,45.65,3,1,0,0,1
21,85.42,0,4,0,2,1
30,39.81,0,2,0,0,0
28,76.53,0,1,1,0,0
64,66.39,1,1,1,2,0
69,117.2,4,2,0,2,0
61,80.85,1,4,1,0,0
48,54.95,0,2,0,0,0
19,31.41,0,4,0,0,0
4,35.12,2,3,0,1,1
35,42.53,1,2,0,2,1
64,45.1,0,2,1,1,0
49,105.06,1,4,0,2,1
17,76.12,0,4,1,1,0
44,72.34,3,2,1,1,0
30,31.48,1,1,1,1,0
46,106.01,0,1,0,2,0
6,92.28,0,1,0,1,1
37,26.77,3,3,0,0,0
24,90.78,1,3,1,0,0
46,74.35,1,4,0,0,0
53,28.17,2,3,1,0,0
60,65.83,2,1,1,2,0
63,68.47,1,2,1,3,0
32,36.58,1,3,1,0,0
33,114.57,2,3,0,1,1
67,105.0,2,1,1,0,0
18,86.9,2,3,1,0,0
25,66.23,1,4,1,0,0
54,61.18,2,2,1,0,0
58,85.1,2,1,1,0,0
67,74.54,2,4,0,1,0
46,26.23,0,1,0,1,0
24,71.25,4,4,0,0,1
32,100.64,2,2,0,0,0
47,65.92,1,2,0,0,0
23,25.2,2,4,1,0,0
66,98.63,2,4,1,0,0
27,40.14,0,4,1,0,0
2,45.86,1,4,1,1,0
17,36.47,2,4,1,0,0
33,53.02,1,4,0,0,0
9,95.68,3,2,0,2,1
43,71.94,1,4,1,1,0
48,40.49,1,3,0,0,0
39,107.78,2,2,0,1,1
42,107.96,0,1,0,2,1
26,107.06,1,2,0,0,1
50,43.88,1,1,1,1,0
25,65.12,2,1,1,0,1
24,118.5,1,3,1,0,0
13,97.2,2,4,1,2,1
60,22.72,2,4,0,0,0
7,26.52,0,2,0,2,1
57,66.39,4,4,0,1,0
36,110.92,3,3,0,1,0
45,73.87,0,2,1,2,0
20,69.78,1,2,1,1,0
65,30.55,1,2,1,0,0
8,85.68,2,4,0,0,1
16,102.21,1,4,1,1,0
14,58.04,0,4,1,1,0
15,97.56,0,2,1,1,1
66,116.45,1,2,1,0,0
32,40.38,1,1,1,2,0
63,72.33,1,1,1,0,0
51,48.71,4,4,1,1,0
25,99.29,0,2,0,3,1
58,77.76,3,4,1,1,0
63,83.46,4,4,0,0,0
62,99.79,1,1,0,0,0
22,59.6,1,3,1,0,0
58,111.51,1,4,1,0,0
58,73.3,0,3,0,0,0
49,35.8,3,3,1,1,0
52,89.59,2,2,0,1,0
42,99.33,1,2,1,0,0
70,51.68,3,4,1,1,0
15,105.72,4,1,1,2,1
54,110.61,0,1,1,0,0
60,47.69,3,4,0,2,0
8,118.35,1,4,1,1,0
53,34.07,2,1,0,1,0
60,40.2,1,3,1,0,0
5,38.42,1,4,1,2,0
68,109.4,3,3,1,0,0
6,85.43,2,4,0,0,0
47,35.21,2,4,0,0,0
55,64.03,0,3,0,0,0
40,81.53,1,3,1,3,0
52,28.35,1,1,1,1,0
16,108.24,2,4,0,1,1
13,100.36,3,2,1,1,1
30,70.52,3,2,1,2,1
19,116.71,2,4,0,1,1
17,61.78,0,4,1,1,0
63,118.41,2,4,1,0,0
19,86.79,0,3,1,0,0
58,83.47,2,2,0,1,0
55,36.6,3,2,0,1,0
62,108.19,1,2,0,2,0
23,62.75,3,4,0,0,1
9,36.22,1,3,0,1,1
12,21.26,0,4,1,1,0
1,75.98,3,1,1,2,1
58,72.74,0,1,1,0,0
1,91.94,2,2,0,0,1
34,109.03,2,4,1,2,1
48,27.94,4,1,1,0,0
1,93.15,3,1,1,0,1
16,38.74,2,4,1,0,0
61,105.82,2,3,1,0,0
64,101.91,3,4,1,2,0
63,74.08,2,4,0,1,0
69,91.02,2,3,1,1,0
22,51.44,0,2,0,0,0
67,67.12,2,2,0,2,0
26,102.16,1,2,0,2,1
16,65.93,2,3,0,2,0
51,55.78,2,1,0,1,0
57,69.42,2,3,0,1,0
29,102.82,2,4,0,0,0
69,53.52,2,3,1,1,0
47,37.38,2,1,0,0,0
62,91.2,1,1,1,0,0
69,102.6,2,4,0,0,0
16,30.06,4,2,1,1,0
48,43.99,0,1,1,1,0
39,34.2,0,1,1,1,0
33,54.79,1,1,1,2,1
23,65.04,0,4,0,1,0
10,94.88,3,1,1,4,1
69,85.11,0,2,1,0,0
34,82.09,0,4,1,0,0
52,55.24,3,2,1,1,0
10,104.14,1,1,0,0,1
19,67.13,2,1,1,1,1
58,117.91,0,2,0,0,0
1,83.41,0,4,1,1,0
69,32.63,2,4,0,1,0
4,87.62,0,2,1,1,0
16,52.51,0,1,0,0,0
24,88.63,2,3,0,2,1
2,26.96,2,2,1,0,1
32,37.49,2,2,1,1,0
24,105.57,3,2,1,2,1
12,42.72,2,1,0,1,1
50,103.7,3,4,0,0,0
35,47.93,2,1,1,1,0
33,84.29,1,2,1,1,1
33,89.42,3,1,1,1,1
61,71.27,1,1,1,0,0
51,50.53,1,2,1,1,0
43,41.26,0,1,1,0,0
12,23.32,1,3,1,0,0
67,50.39,1,1,1,0,0
65,85.32,3,1,1,2,0
33,113.83,0,4,1,1,0
40,107.12,1,4,1,1,0
43,96.61,1,2,0,1,1
44,98.84,1,2,0,1,0
29,86.5,1,4,0,0,0
13,46.03,1,3,1,1,0
12,110.72,0,1,0,1,1
46,87.07,1,3,0,2,0
2,76.04,2,3,1,2,1
35,31.1,2,4,1,1,0
8,64.71,0,2,1,1,1
26,66.04,1,1,1,1,0
34,106.46,6,2,1,0,0
7,74.66,1,3,1,0,0
68,58.04,1,3,1,1,0
58,117.68,1,2,1,0,0
29,31.07,1,2,0,0,0
36,62.25,1,4,1,4,0
21,24.2,3,2,0,1,1
36,93.99,1,2,0,0,0
10,111.81,1,4,1,0,1
24,48.0,0,2,0,1,1
64,105.83,3,3,1,0,0
49,49.22,0,2,1,1,0
36,111.08,0,1,1,0,0
24,95.4,2,3,1,1,0
23,100.49,1,4,1,1,0
62,21.8,3,3,0,1,0
37,116.28,1,4,1,2,0
12,92.67,0,1,1,2,1
55,50.48,5,1,1,2,0
13,102.94,1,3,1,0,0
23,48.15,2,2,0,0,0
30,107.28,2,3,0,3,1
17,31.26,0,3,0,0,0
62,90.37,0,1,0,0,0
13,74.07,1,4,1,2,0
59,29.65,3,3,1,0,0
19,44.19,1,2,0,2,0
49,21.24,2,1,1,1,0
12,66.88,0,3,1,0,0
61,50.13,2,3,0,0,0
19,79.84,0,2,0,1,0
9,49.72,1,3,1,0,0
71,49.99,0,3,1,0,0
28,94.32,1,3,1,3,1
52,24.81,1,3,0,0,0
16,110.29,0,2,1,0,0
69,105.23,1,3,0,0,0
12,86.78,1,3,0,1,1
25,79.32,1,3,1,2,0
52,109.23,2,1,0,0,0
53,38.53,1,2,0,1,0
23,27.9,3,1,0,0,0
16,43.95,1,1,0,0,1
57,99.46,0,2,1,0,0
39,23.47,2,1,1,0,0
53,78.28,3,1,0,2,1
42,119.54,2,1,0,0,0
58,105.57,1,2,0,1,0
39,72.14,1,3,1,0,0
14,26.36,2,4,0,0,0
5,103.14,2,4,1,0,1
35,79.9,2,2,0,2,1
18,31.49,2,4,0,0,0
9,29.39,2,2,1,0,0
58,110.96,6,2,1,0,1
17,86.92,0,4,0,2,1
7,102.93,2,1,1,3,1
46,107.9,2,3,1,0,0
13,77.18,0,4,1,1,0
40,71.74,2,4,1,3,1
42,63.04,1,4,1,1,0
9,51.69,1,4,1,1,0
50,63.46,4,2,0,1,1
27,97.39,3,2,1,0,0
66,80.19,1,3,1,2,0
5,109.25,0,3,0,1,1
29,64.34,0,4,0,2,0
37,80.71,0,4,0,0,0
38,83.13,2,4,1,1,0
8,79.17,2,3,1,0,1
65,90.26,5,4,1,1,0
17,43.74,1,1,0,0,0
71,71.24,0,3,1,1,0
45,30.42,1,1,1,0,0
4,58.45,2,4,0,0,1
36,68.77,1,2,1,1,0
70,85.22,3,1,1,1,0
31,115.05,2,3,1,0,0
19,80.07,1,1,1,0,0
61,94.36,3,3,1,0,0
54,70.63,0,4,0,1,0
39,83.41,0,1,1,0,0
19,27.09,1,2,0,0,0
39,45.44,4,1,0,1,0
67,56.19,2,2,0,2,0
45,67.25,0,3,1,0,0
13,24.56,1,4,1,0,0
58,34.0,1,4,0,1,0
20,47.68,2,2,0,1,0
61,117.15,3,3,1,2,0
39,53.13,3,4,1,1,0
1,68.2,3,3,1,2,1
3,39.61,1,2,1,2,0
62,81.08,1,2,1,1,0
63,48.07,1,1,0,2,0
25,40.7,0,4,1,0,0
56,71.66,2,4,0,1,0
33,20.55,1,1,1,0,0
38,20.77,3,2,0,1,0
6,41.91,2,2,1,0,0
58,23.67,1,2,1,4,0
44,30.8,1,2,1,0,0
45,53.89,2,3,0,0,0
32,100.26,0,4,1,4,0
45,77.2,3,4,0,0,0
61,71.27,1,2,0,0,0
47,49.35,0,2,0,0,0
21,113.18,0,2,1,0,0
36,59.7,1,4,1,1,0
19,28.71,0,4,1,1,0
20,81.71,2,2,1,0,0
57,31.38,1,3,1,1,0
18,54.52,0,1,1,0,0
47,70.74,0,1,0,1,0
49,107.42,1,1,0,3,1
14,69.35,0,4,1,0,0
15,90.23,2,4,1,0,0
31,119.28,1,1,1,0,0
1,33.15,2,1,1,0,1
54,47.47,1,3,0,2,0
3,59.46,0,4,0,0,0
16,62.18,1,4,1,0,0
57,61.1,6,1,0,2,1
12,110.76,2,3,0,1,1
16,91.4,1,3,1,0,0
24,80.79,2,1,0,0,1
28,50.94,3,1,1,0,0
8,102.38,1,4,1,2,1
36,115.51,3,1,1,1,1
8,102.12,0,2,0,0,1
58,20.16,2,3,0,1,0
60,83.64,0,1,1,0,0
50,25.11,3,2,0,2,0
28,45.76,2,3,0,1,0
41,25.95,4,2,0,3,1
64,80.38,1,2,0,0,0
27,88.66,3,1,0,0,1
63,31.45,0,3,1,0,0
17,58.38,2,2,0,2,1
33,65.62,1,4,0,0,0
29,56.91,1,3,1,0,0
13,32.1,0,4,1,1,0
46,61.89,1,1,0,0,0
35,95.12,0,4,0,1,0
6,27.1,0,3,1,1,0
69,28.02,2,2,1,0,0
47,55.48,0,2,1,1,0
25,114.17,0,3,1,1,0
66,86.86,3,2,0,0,0
10,87.87,2,4,1,2,1
56,56.19,1,2,0,0,0
30,79.37,4,2,1,0,1
5,21.01,2,4,1,0,0
33,83.61,3,4,1,1,0
65,111.33,2,4,0,0,0
18,81.26,1,1,0,1,0
49,107.37,2,4,1,2,0
11,92.4,3,4,1,2,1
26,32.06,2,1,1,0,0
63,110.25,1,2,0,2,1
59,26.64,2,4,0,0,0
27,73.4,2,3,1,1,0
49,34.21,1,4,0,1,0
33,21.17,1,4,1,1,0
1,62.2,0,1,1,1,1
21,49.5,1,3,1,0,0
55,68.6,0,2,1,2,0
6,77.72,2,2,1,1,1
69,24.37,2,3,0,2,0
5,32.3,2,4,1,1,0
3,75.86,0,1,0,1,1
53,54.32,2,3,1,0,0
23,92.92,2,3,0,0,1
53,85.23,3,2,1,0,0
37,104.56,3,1,0,1,1
17,89.25,3,3,0,0,1
1,62.99,2,1,1,0,1
51,87.3,2,4,0,0,0
45,47.54,0,2,1,2,0
4,50.63,2,4,1,1,1
62,98.9,2,1,0,4,1
65,64.64,2,4,1,2,0
32,99.84,0,2,0,0,0
34,102.24,0,1,0,0,0
39,105.76,2,3,1,1,0
26,111.66,1,4,1,0,0
34,63.1,2,2,0,1,0
54,51.89,2,3,1,2,0
3,78.22,4,2,1,1,1
50,57.12,0,1,1,1,0
12,80.11,1,1,0,1,1
65,90.56,0,4,1,0,0
54,88.84,0,2,1,1,0
5,57.46,0,2,1,0,0
57,36.69,1,2,1,0,0
17,63.05,2,1,1,0,1
47,34.26,0,4,0,0,0
23,109.01,1,2,1,0,1
14,54.59,3,2,0,2,1
66,35.45,1,3,0,1,0
51,22.54,3,2,1,0,0
38,84.58,3,4,0,0,0
64,83.69,2,3,1,1,0
38,54.06,1,3,1,2,0
50,27.17,1,3,0,2,0
30,60.96,1,1,1,0,0
51,51.12,1,3,1,1,0
63,87.71,0,2,1,0,0
52,80.58,2,1,1,0,0
38,56.46,1,1,0,1,0
30,41.79,3,1,1,0,0
51,118.8,2,1,1,2,0
5,65.4,2,1,0,2,1
29,88.83,0,1,1,0,0
4,34.06,2,1,1,1,1
10,68.56,1,3,0,0,1
56,22.75,3,4,0,1,0
17,70.55,2,2,1,0,0
17,116.4,0,2,0,0,0
69,58.42,4,3,1,0,0
34,23.9,2,3,0,2,0
6,23.1,3,1,1,2,1
53,58.8,0,4,0,1,0
66,36.0,1,1,0,1,0
43,22.34,2,3,1,1,0
23,95.62,2,1,1,2,1
55,65.85,1,2,1,0,0
16,48.92,1,2,1,1,0
8,110.01,1,1,0,0,1
4,31.61,2,4,0,1,1
4,115.59,3,1,1,0,1
56,51.4,3,1,1,0,0
25,108.84,1,4,1,0,0
67,80.29,1,4,0,2,0
67,102.67,1,4,1,1,0
27,118.4,3,2,0,1,1
32,48.84,3,1,1,2,1
50,116.11,2,3,1,1,0
61,58.95,1,4,0,0,0
51,58.55,0,4,1,0,0
19,54.04,1,1,0,0,0
21,74.14,1,3,1,0,0
5,35.41,1,1,0,0,0
42,75.37,2,1,1,0,0
61,74.17,3,4,0,0,0
22,96.19,3,4,1,2,1
21,103.36,1,2,1,0,1
70,64.04,2,3,1,0,0
1,50.23,1,3,0,2,1
5,45.93,2,4,1,0,1
12,39.46,0,4,0,1,0
46,25.76,1,4,1,2,0
34,54.24,0,3,0,1,0
49,47.02,1,2,1,0,0
45,116.64,1,3,0,2,1
27,75.77,1,4,0,0,0
26,54.73,0,4,0,2,0
47,78.05,2,2,1,0,0
56,33.92,1,1,0,0,0
63,64.4,3,1,1,2,0
48,82.62,0,3,1,1,0
61,68.89,1,1,1,0,0
26,60.18,4,1,1,0,0
36,119.38,1,3,0,1,0
1,108.03,0,4,1,2,0
8,82.34,1,1,0,0,1
52,76.94,1,4,1,1,0
47,82.07,2,3,0,1,0
56,40.13,2,4,1,1,0
14,59.51,3,4,0,2,1
28,23.95,3,3,1,1,0
2,67.55,2,4,0,0,0
26,74.3,1,1,1,0,0
14,42.77,3,1,0,0,1
59,116.4,1,1,1,3,0
56,110.95,1,1,1,0,0
7,92.21,1,4,1,1,0
3,73.34,1,1,1,0,1
23,107.0,1,4,1,1,0
18,33.07,0,2,1,1,0
38,99.05,3,4,1,1,0
15,32.48,3,1,1,0,0
64,99.42,3,2,1,2,0
28,47.58,2,3,0,2,1
39,107.71,1,4,1,4,1
57,114.4,1,1,1,1,0
17,34.88,1,1,0,0,0
44,66.27,2,1,1,1,0
25,118.1,0,3,0,1,1
17,68.34,0,2,0,0,0
13,106.35,2,2,1,0,1
25,78.87,0,1,1,1,0
68,57.53,4,4,1,0,0
10,48.58,0,1,1,0,0
67,40.32,0,1,1,1,0
18,96.18,1,4,0,1,1
34,58.65,1,1,0,1,1
8,71.13,4,3,1,0,1
40,69.23,1,1,0,2,0
42,77.73,1,3,1,0,0
41,106.56,2,1,1,0,0
6,118.07,1,2,0,0,1
52,60.76,5,4,1,0,0
26,102.75,3,2,1,1,1
64,96.45,4,1,1,1,0
59,77.35,2,1,1,0,0
56,115.6,1,3,1,1,0
59,40.05,1,1,0,1,0
70,30.93,2,1,1,0,0
33,105.4,1,1,1,2,1
53,63.91,2,2,1,0,0
22,104.7,2,3,1,3,1
21,109.31,1,2,1,1,1
70,26.25,1,3,0,0,0
70,108.35,1,2,1,1,0
4,64.83,3,1,1,0,1
62,71.04,1,2,0,0,0
62,82.66,2,2,0,0,0
24,112.64,3,3,1,2,0
55,21.91,1,3,1,2,0
9,67.68,0,2,1,0,0
3,88.77,3,3,1,2,1
31,92.27,2,3,1,0,0
40,89.25,1,3,1,0,0
36,33.44,2,4,1,1,0
24,49.94,0,3,0,1,0
6,55.87,0,4,1,1,0
66,100.44,0,4,1,2,0
4,47.88,2,3,1,1,1
6,41.07,0,2,1,2,0
51,115.74,2,3,1,0,0
62,20.89,1,1,0,0,0
57,119.78,1,2,0,3,1
66,87.68,3,4,0,0,0
8,102.85,1,4,0,1,1
26,49.46,1,2,1,1,0
51,21.43,0,2,0,0,0
45,93.79,4,3,0,3,1
44,103.41,0,4,1,0,0
5,94.05,4,1,1,1,1
70,34.29,1,3,0,1,0
26,95.34,2,2,1,3,1
68,96.89,1,4,1,0,0
19,85.85,1,2,0,4,1
20,96.61,1,2,0,1,1
12,104.59,1,2,1,0,0
47,81.36,1,3,1,0,0
1,28.86,1,1,1,0,0
14,68.76,0,1,0,0,0
64,27.76,3,4,1,0,0
38,60.75,1,2,1,0,0
37,60.71,0,1,0,0,0
11,26.6,3,2,1,0,0
3,54.88,1,4,1,0,0
33,31.1,2,2,0,1,0
6,100.82,1,1,1,0,1
50,114.77,2,2,1,2,0
10,27.23,1,1,0,3,1
5,115.51,2,4,1,1,1
23,72.26,4,2,0,2,1
10,49.96,0,1,1,1,0
44,27.69,1,4,0,2,0
2,70.06,0,2,0,1,1
13,99.45,0,4,1,0,0
40,90.71,2,1,1,1,0
2,25.02,0,2,1,1,0
65,27.29,1,2,0,0,0
63,60.29,0,2,0,1,0
17,49.53,0,4,1,1,0
9,43.24,3,4,1,2,1
15,48.1,3,1,0,0,0
24,100.35,1,3,1,1,0
38,112.92,3,2,1,2,0
35,60.51,1,2,1,2,0
49,110.61,5,1,1,1,1
69,52.15,1,2,0,0,0
62,67.64,3,4,1,1,0
60,42.6,1,4,0,0,0
50,84.05,2,2,1,0,0
9,117.9,1,2,1,0,1
34,80.35,2,4,1,2,1
35,55.78,0,2,1,0,0
1,84.78,2,4,1,0,1
40,32.29,1,3,1,0,0
64,108.87,1,3,1,0,0
22,70.31,2,2,1,2,0
60,64.93,1,2,1,0,0
64,78.59,2,2,0,0,0
11,82.48,0,4,0,1,1
14,27.18,0,3,0,0,0
60,88.26,2,3,1,0,0
30,44.19,1,1,1,2,0
35,91.4,1,1,1,0,0
37,102.25,4,2,1,2,1
5,100.4,2,4,1,0,1
26,75.25,1,2,0,1,0
62,72.02,1,3,0,0,0
4,34.29,1,2,1,1,0
42,97.53,2,2,0,0,0
18,47.14,1,3,1,2,0
40,69.67,3,3,1,1,0
39,48.43,0,3,1,0,0
14,33.38,0,3,1,1,0
32,82.96,4,1,1,0,1
51,25.43,2,4,0,0,0
38,94.86,2,4,1,1,0
23,51.76,1,3,1,0,0
63,20.01,3,4,0,1,0
15,71.11,3,4,0,1,1
25,24.69,2,4,1,3,0
17,47.62,0,4,0,1,0
66,90.7,0,3,0,1,0
53,26.27,0,2,1,0,0
51,103.93,1,2,1,0,0
39,20.38,0,2,0,0,0
51,44.68,2,1,0,2,1
70,94.09,0,4,1,2,0
6,51.63,4,3,0,0,0
67,30.19,0,3,1,0,0
7,56.02,0,1,1,0,0
51,47.04,0,3,0,0,0
42,104.27,2,2,0,0,1
64,51.33,0,1,0,0,0
15,98.89,2,3,0,0,1
29,109.19,1,1,0,1,1
33,63.38,2,1,1,1,0
27,110.99,1,3,0,1,1
36,57.73,2,2,1,0,0
29,116.41,3,3,1,0,1
38,28.93,0,4,0,0,0
57,88.7,3,4,0,0,0
27,69.38,3,3,0,1,1
55,58.76,2,2,0,1,0
33,83.27,1,4,1,0,0
68,90.39,1,4,0,1,0
66,20.44,3,3,1,2,0
10,36.7,2,3,1,0,0
5,91.3,1,3,1,1,1
38,86.64,2,1,1,0,0
13,116.6,0,1,1,0,1
31,96.1,0,1,0,0,0
47,115.08,3,3,0,1,1
52,90.25,1,2,1,0,0
56,49.81,2,4,0,4,0
15,30.54,1,1,1,0,0
29,98.18,1,2,1,1,0
8,84.41,1,3,1,2,1
5,24.82,4,1,1,0,0
29,56.01,0,3,1,0,0
47,115.68,1,2,1,0,0
68,70.04,3,1,1,1,0
45,63.27,0,1,1,1,0
2,65.77,1,1,1,3,1
27,40.89,1,1,1,2,0
36,56.87,0,2,1,0,0
36,56.98,3,1,1,1,0
26,25.24,0,4,1,1,0
43,96.76,2,4,1,2,0
27,61.65,0,3,0,0,0
69,102.22,2,1,1,3,0
20,105.03,1,4,0,0,0
11,41.2,3,4,1,0,0
38,85.74,3,4,1,1,0
6,67.23,2,2,1,0,0
23,108.02,3,1,0,0,1
47,41.57,2,2,1,0,0
46,87.78,1,2,1,1,0
12,80.78,0,4,0,2,1
13,49.53,2,4,0,3,1
62,33.66,0,3,1,0,0
60,85.16,1,1,1,0,0
43,93.86,0,1,0,2,0
68,51.56,0,4,1,0,0
5,84.48,4,4,1,0,1
37,59.51,2,1,1,1,0
31,91.32,0,3,1,1,0
9,39.92,3,4,1,0,1
51,109.02,0,3,1,0,0
29,48.74,1,2,1,0,0
40,56.78,2,4,0,0,0
41,25.81,2,2,0,0,0
11,31.15,1,4,1,0,0
23,71.59,4,2,1,0,0
1,46.76,1,4,1,0,0
46,103.55,2,3,1,1,0
21,21.47,3,3,1,2,0
36,57.91,0,3,1,1,0
54,53.73,2,2,0,3,0
57,21.93,1,3,1,0,0
1,32.44,1,2,0,0,0
63,61.36,1,4,1,1,0
54,69.29,1,2,0,0,0
55,60.43,2,4,1,1,0
40,73.09,2,1,0,0,0
15,79.51,1,1,0,2,1
21,20.99,2,1,0,1,1
47,66.41,3,2,1,3,0
53,116.35,2,1,1,0,0
9,71.9,2,1,1,0,1
52,87.75,3,1,1,1,1
57,51.19,1,4,1,1,0
26,97.4,1,3,1,0,0
41,97.29,2,2,1,0,0
35,72.13,0,1,0,2,1
63,117.6,2,4,0,0,0
25,32.56,0,3,1,1,0
38,21.69,1,3,1,1,0
2,97.02,0,3,1,1,1
7,100.72,1,4,1,3,1
34,32.02,1,1,0,0,0
17,46.56,2,3,1,1,0
43,21.76,1,4,1,1,0
59,49.33,2,4,1,0,0
51,97.31,1,2,1,0,0
54,71.8,2,4,1,1,0
24,54.81,1,3,1,1,0
25,57.17,1,3,0,0,1
71,20.14,1,4,0,1,0
52,49.98,2,3,1,1,0
70,84.65,2,4,1,1,0
33,117.42,0,3,0,0,0
49,104.71,1,2,1,1,0
29,22.36,0,1,1,0,0
63,109.86,4,2,1,1,0
22,98.32,1,2,0,0,1
26,98.04,2,1,1,2,1
28,65.8,1,3,1,0,0
49,59.8,0,1,1,0,0
71,50.29,0,4,1,1,0
49,26.57,4,1,0,0,0
20,42.82,0,2,1,1,0
63,44.66,1,1,0,0,0
61,68.41,2,3,0,1,0
49,94.74,0,2,1,0,0
71,67.38,0,4,1,2,0
1,25.78,3,3,1,2,0
13,115.78,1,2,0,1,1
51,114.27,0,4,1,2,0
56,98.52,2,3,1,0,0
62,119.13,2,4,1,0,0
32,74.45,3,1,1,0,0
30,116.28,0,1,1,0,0
29,27.56,0,4,1,0,0
49,56.57,0,1,0,1,0
45,42.54,2,4,0,2,0
30,39.58,1,3,0,1,0
16,34.08,1,2,1,0,0
40,82.24,1,4,1,1,0
19,98.13,1,2,1,3,1
18,77.83,1,2,0,1,0
1,34.7,0,4,0,0,0
47,101.11,0,1,0,1,1
66,83.6,1,3,0,0,0
38,58.82,3,2,1,0,0
51,87.41,0,3,1,1,0
63,45.99,0,2,1,1,0
4,54.52,1,4,1,0,0
1,111.75,0,1,1,0,0
8,49.05,0,3,1,0,0
29,67.0,1,2,0,1,0
55,109.01,2,4,1,0,0
3,90.77,0,4,1,1,0
32,26.22,0,2,1,0,0
10,34.73,5,2,0,0,1
34,20.78,1,2,0,2,0
55,83.09,0,1,0,1,0
32,64.77,0,2,1,0,0
50,33.43,3,2,1,2,0
7,115.79,0,1,1,1,1
8,72.97,2,4,1,0,0
65,44.19,1,2,0,0,0
57,70.06,1,3,1,0,0
67,87.96,1,4,1,1,0
59,27.62,2,3,1,0,0
54,47.47,1,2,1,4,0
67,100.7,0,1,0,3,0
51,65.97,2,1,0,0,0
8,74.66,1,1,1,1,1
34,63.28,1,2,1,0,0
35,24.39,3,2,1,0,0
32,36.57,2,3,1,1,0
46,64.55,2,1,1,1,1
16,40.92,4,2,1,1,0
68,25.0,3,4,1,2,0
37,104.36,0,2,1,0,0
54,118.12,2,2,0,3,1
14,99.31,1,4,1,1,1
55,105.38,1,1,1,2,0
48,44.2,1,4,1,2,0
7,116.06,3,1,1,0,1
7,39.69,0,4,1,0,0
33,115.14,1,3,1,1,1
23,119.48,4,1,0,0,1
19,91.17,1,2,1,1,0
19,118.11,2,3,1,1,1
36,76.95,2,1,1,0,0
29,45.95,1,1,0,2,1
60,63.7,1,1,0,1,0
2,79.36,4,4,0,0,1
1,27.31,2,1,1,0,0
47,82.23,2,2,0,0,0
69,118.12,2,1,1,1,0
20,39.01,3,2,0,0,1
11,99.26,2,2,0,1,1
2,110.79,1,2,0,0,1
67,114.37,2,3,0,1,0
12,116.01,1,2,1,2,1
20,72.15,2,4,1,1,1
5,117.73,2,1,1,2,1
37,95.73,2,4,0,1,0
38,36.17,2,3,0,0,0
9,67.69,2,1,1,1,1
53,91.83,1,2,1,0,0
44,44.73,0,1,0,0,0
24,84.06,2,3,1,1,0
30,86.66,0,3,1,1,0
59,36.27,0,4,0,0,0
14,76.51,2,1,1,1,1
9,97.16,1,1,0,1,1
40,69.89,0,1,1,0,0
66,21.21,0,4,0,0,0
25,20.9,1,3,1,2,0
22,55.7,1,2,0,0,0
4,112.62,3,1,1,1,1
26,42.87,2,4,0,3,1
58,83.44,1,4,1,1,0
29,42.21,1,2,1,1,0
37,52.17,4,3,1,0,0
70,104.8,2,1,1,0,0
18,92.89,1,1,1,0,1
42,29.54,1,4,0,0,0
41,62.87,1,3,0,2,1
38,22.92,0,1,1,1,0
34,68.09,3,2,0,1,1
17,86.24,2,3,1,1,1
37,31.85,0,3,0,0,0
25,48.89,5,4,1,0,0
27,59.78,0,4,1,1,0
57,111.95,1,1,1,0,0
31,119.33,3,4,1,2,1
6,24.49,1,3,0,1,1
40,96.1,2,1,1,0,1
12,57.17,2,1,0,1,1
53,59.25,1,3,1,1,0
71,95.43,3,1,1,2,0
10,111.84,1,2,1,0,0
45,115.09,2,2,0,1,1
17,77.71,2,1,0,0,1
26,55.71,2,4,0,1,1
62,98.75,0,2,0,0,0
46,45.1,1,1,0,1,0
64,76.41,4,2,1,1,0
2,55.86,0,4,0,0,0
54,85.66,1,3,1,1,0
65,44.04,0,1,1,0,0
51,39.16,2,1,1,0,0
53,111.82,4,1,0,0,1
36,30.18,3,1,0,1,0
26,70.6,0,1,1,1,0
29,42.09,1,1,0,0,0
21,23.89,0,4,1,2,0
11,23.6,1,3,0,1,0
40,37.52,3,4,1,2,0
11,106.68,0,4,1,0,0
36,48.25,3,3,1,0,0
59,115.05,2,4,0,0,0
39,78.16,2,2,0,1,1
54,63.66,1,4,1,0,0
55,78.01,2,1,1,1,1
24,71.67,1,2,0,0,0
22,95.88,1,2,0,0,1
69,48.25,6,3,0,0,0
56,55.31,2,4,1,0,0
33,109.41,1,4,0,2,1
36,114.65,2,2,1,0,1
20,109.26,0,4,1,1,0
62,61.94,0,4,1,0,0
26,98.04,2,3,1,1,1
66,67.63,2,2,1,0,0
40,69.75,1,1,1,1,0
17,40.47,0,2,0,0,0
1,79.11,1,3,1,0,1
61,38.61,1,3,1,0,0
43,53.16,0,3,1,1,0
42,105.5,1,4,1,0,0
25,40.71,0,2,0,2,0
39,27.12,1,4,1,0,0
35,26.9,0,4,0,1,0
3,114.08,5,2,1,0,1
44,70.69,4,3,0,0,0
51,60.94,3,1,1,0,0
12,101.09,1,1,0,0,1
19,103.58,1,2,1,1,1
44,53.22,0,2,1,2,0
59,89.36,1,3,0,0,0
49,97.11,3,2,1,1,0
61,85.47,2,2,1,2,0
17,35.16,0,3,1,0,0
57,107.59,1,3,0,0,0
55,73.91,3,4,1,1,0
47,48.25,2,2,1,2,0
12,62.52,1,1,1,1,1
62,23.76,2,2,1,1,0
8,32.79,1,1,1,1,1
21,96.55,2,1,0,1,1
70,20.0,2,1,0,2,0
25,61.66,0,4,0,1,0
12,72.25,2,3,0,0,1
15,25.46,1,3,1,0,0
59,117.31,1,4,1,1,0
26,42.61,2,3,0,1,0
26,50.42,1,4,1,0,0
47,50.39,1,2,1,0,0
32,43.04,0,4,1,0,0
10,20.15,1,3,1,1,0
16,92.93,2,3,1,1,1
71,116.68,1,2,0,1,1
17,42.43,3,4,0,0,1
23,86.3,2,2,0,0,1
26,94.19,0,1,1,2,1
7,104.84,0,4,0,0,0
14,62.26,2,2,1,0,0
7,50.29,3,2,0,0,1
9,52.53,0,3,1,2,1
48,91.26,2,4,0,1,0
59,101.68,2,1,0,0,1
39,38.16,2,1,0,3,1
18,57.09,0,4,1,1,0
59,110.19,2,4,0,2,0
17,100.67,2,2,1,1,1
14,118.49,0,3,0,0,1
31,95.42,0,3,0,1,1
24,59.32,1,3,1,1,0
60,79.06,1,4,0,1,0
45,86.1,1,3,1,0,0
3,27.85,1,2,1,0,0
37,74.45,2,4,0,3,1
43,90.93,3,4,0,1,0
40,36.73,1,3,0,1,0
55,98.06,3,1,1,2,0
39,78.38,2,1,1,0,0
15,115.22,3,2,1,1,1
4,24.24,2,3,1,0,0
25,46.53,4,3,0,0,1
13,80.16,2,4,1,1,1
33,49.66,1,4,1,0,0
16,91.44,1,3,1,0,0
42,95.9,0,4,1,1,0
66,30.25,1,3,1,0,0
55,71.39,1,2,0,0,0
42,70.89,3,4,1,4,1
34,56.93,1,3,1,0,0
30,113.29,0,4,0,0,0
13,102.75,2,2,1,0,1
13,89.72,0,4,0,3,1
18,91.43,0,3,1,2,0
32,66.17,2,4,1,1,0
39,112.1,2,4,0,0,0
46,89.46,1,3,1,1,0
29,92.9,1,1,1,0,0
62,106.17,0,4,1,0,0
62,47.41,1,4,0,3,0
57,100.71,1,2,0,0,0
16,39.52,1,1,0,0,1
56,54.53,4,2,0,0,0
10,53.56,2,3,1,0,0
30,117.85,2,3,1,0,0
25,105.65,1,2,1,1,1
5,90.12,5,4,1,1,1
65,92.71,1,1,1,1,0
49,76.21,3,2,1,1,1
3,114.71,1,2,1,2,1
45,69.63,2,3,1,0,0
14,58.05,2,4,1,2,0
30,36.3,0,1,0,2,0
68,98.62,1,2,0,3,1
18,93.44,3,1,1,2,1
62,58.44,2,1,1,1,0
37,22.52,2,2,1,0,0
25,103.9,2,1,1,0,1
48,21.14,0,3,0,0,0
65,90.37,4,4,1,0,0
53,117.03,0,4,0,1,0
15,63.77,2,4,1,2,1
49,43.5,1,3,1,0,0
68,90.49,0,3,0,2,0
12,101.71,0,3,1,3,1
59,74.64,2,4,1,2,0
37,116.7,2,1,0,2,1
61,25.17,0,3,1,0,0
43,70.48,0,2,1,0,0
70,91.85,2,3,1,0,0
39,106.26,2,2,0,0,0
56,37.93,1,4,0,0,0
63,100.0,2,2,1,1,0
46,75.27,1,3,0,0,0
11,59.66,3,3,1,0,0
62,33.17,1,1,0,1,0
25,106.53,1,4,1,0,0
71,35.73,6,2,1,1,0
52,50.98,1,4,0,0,0
4,49.0,1,3,0,0,0
59,107.14,2,1,1,0,0
20,87.27,0,3,1,1,0
63,99.67,1,3,0,1,0
54,45.05,0,3,1,1,0
57,82.49,0,2,0,0,0
41,77.17,1,3,1,1,0
3,103.28,3,4,1,0,1
6,110.61,2,4,0,2,1
5,21.22,0,1,1,3,1
5,87.4,2,4,0,1,1
54,25.18,1,3,0,1,0
47,74.89,3,3,0,0,0
49,48.76,2,4,1,0,0
9,50.68,1,1,1,0,0
20,55.3,0,1,1,1,0
61,82.13,3,4,0,1,0
35,53.4,3,2,0,0,0
50,93.27,2,2,1,2,0
62,60.45,2,2,0,0,0
17,26.84,0,2,1,1,0
3,98.38,0,4,0,2,1
32,48.58,1,1,1,0,0
13,63.28,1,3,0,0,0
68,88.54,1,3,1,0,0
14,53.25,1,4,0,2,0
11,25.66,2,3,0,1,1
56,57.39,1,2,0,1,0
67,114.44,2,1,0,1,1
29,84.17,0,4,0,2,1
9,87.15,2,1,1,0,1
67,83.23,1,4,1,1,0
25,39.9,1,4,1,2,0
42,61.83,3,4,1,1,0
9,95.09,1,4,1,0,0
40,30.14,2,1,1,0,0
25,47.79,0,3,1,2,0
5,47.63,1,4,1,0,0
11,63.2,1,2,1,2,1
59,118.04,1,4,0,0,0
38,26.75,2,1,0,2,1
5,71.87,1,4,1,1,1
48,37.94,2,2,0,1,0
18,117.07,2,1,1,0,1
70,31.33,2,4,1,2,0
37,60.36,1,2,0,1,1
60,93.79,1,1,0,1,0
48,90.46,0,4,1,1,0
28,62.27,1,2,1,1,0
69,54.65,0,1,0,2,0
40,59.76,1,4,1,2,0
45,46.43,2,1,1,1,0
62,40.53,1,2,0,0,0
58,68.3,0,4,0,0,0
67,46.85,1,4,1,0,0
56,48.75,2,4,0,0,0
40,85.68,2,2,1,1,0
40,116.85,0,3,1,0,0
33,80.36,2,4,1,0,0
6,27.7,2,2,1,2,0
19,27.56,1,1,1,1,0
40,115.14,0,1,0,2,1
59,49.73,1,2,0,2,0
59,29.21,2,3,1,1,0
48,79.9,2,2,1,0,0
41,82.36,3,1,0,0,1
13,84.85,2,1,1,0,0
45,46.74,1,4,0,0,0
53,21.51,0,3,0,1,0
42,116.5,2,2,0,0,0
63,45.09,0,1,1,3,0
27,87.6,2,1,1,4,1
38,90.66,4,1,0,0,1
60,81.0,2,2,0,1,1
7,51.29,0,2,0,0,0
5,47.11,2,3,1,2,1
45,79.77,1,4,0,4,0
58,106.61,1,4,1,1,0
31,114.67,2,4,0,1,1
23,30.59,3,1,1,2,0
42,35.48,0,4,0,1,0
10,114.47,4,1,1,0,1
32,93.65,1,3,0,0,0
53,108.3,0,1,0,0,0
30,40.26,0,3,1,1,0
39,78.76,2,3,1,0,0
31,90.11,0,4,1,1,0
2,88.01,4,4,1,0,1
12,60.82,1,1,1,0,0
39,21.54,0,2,1,0,0
66,78.29,3,4,0,0,0
13,45.31,1,4,1,0,0
46,65.03,1,2,1,1,0
27,115.76,1,2,0,0,0
17,59.9,1,4,1,1,0
60,103.98,2,2,0,2,1
64,38.85,0,1,0,1,0
35,87.25,2,3,1,0,0
70,117.7,4,3,1,1,0
30,30.19,0,4,0,2,0
71,20.83,2,4,0,1,0
63,63.36,1,1,1,3,0
28,29.26,2,2,0,1,0
60,94.84,1,4,1,0,0
37,111.45,2,3,1,1,0
22,63.4,2,1,1,1,0
68,45.87,0,1,1,1,0
20,63.44,3,2,1,0,1
68,92.34,0,4,1,0,0
64,20.91,3,4,1,1,0
17,78.95,2,1,1,1,1
12,81.33,1,3,1,0,1
22,83.77,5,4,1,0,0
17,44.2,0,3,0,0,0
10,91.41,1,1,0,2,1
65,29.14,1,4,0,1,0
22,39.93,0,3,0,0,0
50,107.75,1,1,0,0,0
14,93.87,1,3,1,1,1
64,21.37,1,4,1,0,0
47,44.84,2,2,1,0,0
29,41.44,2,3,1,1,0
36,47.08,1,2,1,0,0
52,44.76,1,4,1,0,0
7,26.25,2,2,1,0,0
29,65.89,0,1,0,0,0
11,93.27,0,2,1,1,1
33,80.67,2,3,1,1,0
6,87.29,1,3,0,1,1
32,28.11,1,2,1,0,0
51,115.15,1,1,1,1,0
58,103.85,0,4,0,1,0
26,100.51,0,2,1,3,1
46,102.3,2,3,0,1,1
29,113.27,0,3,0,2,1
4,74.43,0,2,1,1,1
13,40.03,1,2,1,1,0
39,81.68,3,2,1,0,0
15,94.29,0,4,1,1,0
29,93.79,3,3,0,1,1
29,72.14,3,3,1,0,0
32,26.85,2,3,1,0,0
2,57.11,1,4,1,1,0
47,112.08,1,1,0,2,1
22,78.44,2,3,1,0,0
27,73.83,1,3,1,1,0
67,46.89,3,1,1,0,0
56,56.84,1,4,1,0,0
21,109.53,1,1,0,2,1
47,86.65,1,1,1,0,0
59,98.74,3,1,1,3,1
6,65.43,2,1,0,3,1
19,83.02,0,4,1,1,0
57,44.84,3,4,1,0,0
69,90.55,2,1,1,1,0
3,62.76,2,2,1,1,1
1,64.25,3,2,0,1,1
58,84.93,2,2,1,2,0
38,113.63,1,2,1,1,0
15,26.4,3,3,0,0,0
34,102.47,3,4,0,0,1
61,49.24,1,4,0,0,0
35,64.39,3,1,1,1,1
64,22.19,2,3,1,1,0
25,50.1,2,1,1,1,0
24,70.26,2,1,1,2,1
12,25.62,2,4,1,0,0
18,69.11,4,3,0,1,1
15,112.71,1,2,1,0,1
27,30.54,1,4,1,0,0
60,96.44,1,3,1,0,0
46,60.97,2,3,1,1,0
17,85.52,0,4,1,0,0
53,46.02,1,4,1,0,0
8,35.95,0,1,0,0,0
27,36.05,4,1,1,1,1
46,27.05,2,1,0,0,0
50,38.56,4,2,0,1,1
71,86.42,2,4,1,1,0
3,108.17,1,3,0,1,1
64,101.41,1,4,0,0,0
44,88.51,3,3,0,0,0
53,31.04,3,2,1,0,0
24,48.92,1,4,1,2,0
60,50.98,0,3,1,0,0
3,45.0,2,3,0,3,1
20,71.5,3,1,1,1,1
46,73.56,2,2,1,0,0
15,55.69,0,4,0,0,0
25,55.38,0,1,1,1,0
71,102.86,2,2,1,1,0
17,98.93,0,1,0,0,0
9,50.78,1,4,1,1,0
38,111.38,1,3,1,0,0
48,115.28,0,4,0,1,0
60,52.67,1,2,0,3,0
63,55.44,1,4,0,0,0
2,70.56,2,2,0,1,1
11,114.11,2,1,1,0,0
64,107.63,0,2,1,0,0
21,30.26,3,3,0,0,0
18,59.27,0,3,1,1,0
64,75.34,1,3,0,1,0
38,70.31,2,1,0,1,1
32,39.39,3,2,0,0,0
11,105.88,0,1,1,1,1
45,87.69,1,4,1,0,0
33,103.79,1,4,0,1,0
41,105.88,1,4,0,0,0
8,94.84,1,4,1,0,0
11,63.92,1,3,1,0,0
51,81.05,1,2,0,2,0
41,36.04,3,3,0,1,0
17,87.36,0,2,1,3,1
46,37.93,2,2,1,1,0
32,89.39,1,1,0,1,1
54,42.96,1,4,1,0,0
20,31.76,3,2,1,1,1
33,36.53,2,4,1,1,0
40,20.2,0,4,1,0,0
32,91.87,0,4,1,0,0
2,93.24,0,3,1,0,1
33,71.49,1,4,0,0,0
30,36.14,1,2,0,1,0
33,28.36,3,3,1,1,0
26,21.91,1,4,0,1,0
22,36.57,1,1,1,1,0
66,109.09,2,4,1,0,0
38,44.15,2,4,1,0,0
46,55.43,1,3,1,0,0
15,30.53,3,2,0,0,0
44,42.24,0,4,1,1,0
49,71.92,2,3,1,4,0
61,80.78,3,3,0,1,0
67,44.54,3,2,1,3,0
6,25.77,2,3,0,1,1
9,59.1,2,2,1,0,0
6,43.42,3,1,1,1,0
32,41.96,1,4,0,1,0
41,115.99,0,3,1,1,0
8,81.63,1,1,1,3,1
50,75.69,1,3,0,1,0
62,61.58,1,3,0,0,0
62,62.89,3,1,1,0,0
7,74.09,0,3,1,1,0
4,89.64,2,3,1,2,1
6,90.21,1,1,1,1,1
58,37.17,2,3,1,1,0
22,70.01,0,2,1,1,0
26,61.2,0,3,1,0,0
3,107.05,2,4,1,0,1
41,83.14,0,3,0,0,0
60,73.25,2,4,0,0,0
14,31.54,1,4,1,0,0
12,80.56,2,3,0,1,1
12,31.72,2,1,1,2,1
13,53.72,1,2,1,2,0
25,34.28,2,2,0,1,1
45,89.21,0,3,1,2,0
19,40.63,0,1,1,1,0
55,59.19,1,1,1,0,0
45,109.57,2,2,0,0,0
8,40.43,1,1,0,3,1
53,70.78,0,3,1,1,0
55,61.93,1,3,1,0,0
32,21.81,1,1,0,1,0
51,99.28,1,3,0,0,0
44,26.9,0,4,1,1,0
70,67.43,0,2,1,0,0
18,76.07,1,3,1,0,0
22,82.84,1,1,1,0,0
37,88.86,0,2,1,0,0
56,45.33,1,3,0,0,0
59,21.0,0,2,1,0,0
3,92.34,1,1,0,1,1
28,73.57,2,4,1,2,0
35,103.61,1,4,1,0,0
61,102.14,2,3,0,1,0
54,104.33,4,4,1,0,0
63,68.51,1,3,1,0,0
7,53.36,1,2,0,1,1
49,99.16,2,3,1,2,0
31,65.13,2,3,0,0,0
58,38.34,1,3,1,0,0
61,105.5,1,4,1,0,0
24,108.26,2,3,0,0,1
20,66.63,2,1,1,0,1
37,27.57,2,3,0,0,0
4,58.78,0,2,1,0,0
20,100.35,1,1,1,0,1
60,110.18,2,2,0,3,1
24,40.35,3,2,0,1,0
50,26.7,1,2,1,0,0
49,107.74,2,1,1,0,0
51,58.94,0,1,0,2,0
36,74.18,1,4,1,0,0
66,116.81,3,1,0,0,1
34,26.66,0,3,0,0,0
36,84.83,2,2,1,0,0
6,27.41,1,4,0,0,0
39,57.55,3,1,1,1,1
42,100.38,0,2,1,0,0
58,63.35,2,1,1,0,0
12,119.72,1,4,1,0,0
3,75.91,0,1,1,1,1
18,52.12,1,1,1,4,1
40,42.01,2,2,1,1,0
21,55.05,2,3,1,2,0
15,57.25,1,1,1,4,1
26,26.87,0,4,0,2,0
8,56.96,0,1,1,2,0
42,66.42,1,1,1,0,0
44,92.27,3,3,1,2,1
14,85.67,1,2,1,0,0
2,90.88,0,4,1,3,1
37,20.84,0,2,1,0,0
69,41.77,2,2,0,0,0
38,86.17,0,2,1,0,0
41,68.4,1,1,0,1,0
62,20.53,4,3,1,1,0
60,100.45,2,1,1,2,0
14,97.28,0,4,0,1,0
2,74.84,2,3,0,0,1
70,26.65,2,2,1,0,0
17,96.65,4,3,0,0,1
28,78.37,1,4,0,1,0
66,98.2,1,1,1,0,0
35,95.17,0,1,0,0,0
5,100.3,1,2,1,2,1
65,71.8,0,1,1,1,0
40,34.03,4,1,0,1,1
56,87.12,1,4,0,1,0
36,82.05,0,3,1,2,0
45,94.23,2,1,1,0,0
23,36.99,2,4,1,2,0
47,39.5,0,4,1,0,0
31,109.04,3,2,1,0,1
11,95.0,1,4,0,2,1
10,110.82,0,2,0,1,1
67,95.87,2,1,0,2,0
14,79.72,0,2,0,2,1
10,85.41,2,4,1,1,1
1,108.91,1,3,1,1,1
5,77.88,1,3,0,0,0
20,83.24,0,1,1,0,0
8,35.65,1,1,0,0,0
43,67.39,2,3,1,1,0
1,91.64,1,2,1,0,1
57,47.09,4,1,1,1,0
64,40.23,0,4,1,3,0
28,51.38,3,1,0,2,1
37,44.15,3,2,1,0,0
47,41.49,1,1,1,0,0
37,62.49,2,4,1,0,0
49,110.78,1,4,1,3,0
44,70.71,0,4,1,0,0
56,38.79,0,2,1,0,0
28,27.7,1,2,1,1,0
6,89.62,1,4,0,0,1
61,58.28,0,4,1,2,0
20,102.18,2,2,1,2,1
2,85.95,1,2,1,1,1
37,99.62,0,2,0,3,1
20,47.19,0,3,1,0,0
26,89.24,0,2,0,0,0
29,46.41,4,4,1,1,0
1,113.91,2,3,1,0,1
35,83.64,3,2,1,0,0
70,52.45,1,4,1,0,0
59,46.95,2,1,0,0,0
69,39.09,3,3,0,1,0
33,89.46,3,4,1,0,0
51,41.87,0,1,0,2,0
12,79.53,0,4,1,0,0
20,46.46,3,2,0,1,1
53,86.2,0,2,1,1,0
43,101.49,2,1,1,0,0
50,97.8,2,2,0,1,1
29,96.09,2,4,0,1,1
57,38.77,3,1,1,1,0
39,28.84,1,4,1,1,0
56,89.89,3,4,1,0,0
43,56.83,0,4,1,3,0
50,63.23,0,2,1,0,0
23,23.11,3,2,0,0,1
44,45.96,0,4,1,0,0
38,23.37,1,3,0,0,0
23,107.92,1,4,0,1,0
45,44.34,1,4,1,1,0
52,75.73,3,1,0,3,1
50,23.9,1,4,0,1,0
8,86.68,2,2,0,0,0
1,52.3,0,1,1,0,0
8,109.79,2,3,1,1,1
29,108.81,1,1,1,2,0
5,52.53,0,3,1,1,0
47,110.1,1,1,1,0,0
34,119.62,2,1,0,1,0
65,102.54,1,3,1,1,0
55,104.49,1,2,0,0,0
43,44.9,1,2,0,1,0
30,77.67,2,2,0,0,0
17,26.73,2,1,1,0,0
26,29.49,0,4,0,0,0
8,119.89,1,1,0,1,1
47,52.66,1,4,0,1,0
46,94.82,1,4,0,0,0
68,100.67,2,2,1,0,0
33,105.8,1,4,1,2,0
1,119.76,2,1,1,0,1
19,44.15,1,1,0,1,0
31,24.04,1,2,0,1,1
14,61.12,3,3,1,1,0
53,33.01,1,1,0,1,0
48,22.24,0,4,1,1,0
69,56.04,3,1,0,3,1
62,98.37,1,1,1,0,0
66,76.62,1,1,0,2,0
64,51.28,2,3,1,0,0
70,85.43,1,4,1,0,0
63,43.2,2,2,1,2,0
33,21.44,2,1,0,0,0
41,96.44,0,4,1,1,0
48,82.37,1,4,1,1,0
13,96.23,1,2,0,1,1
31,23.89,0,1,0,1,0
68,103.71,0,3,1,1,0
4,81.95,2,4,0,3,1
19,76.34,0,2,1,1,1
70,82.46,2,3,0,2,0
13,106.44,0,4,1,1,0
23,78.69,0,1,0,0,1
1,78.1,0,4,1,0,0
54,119.07,0,3,0,0,0
71,95.67,1,3,0,3,0
15,64.23,1,1,0,1,0
65,90.74,3,1,1,0,0
71,58.92,1,2,0,2,0
15,42.89,4,1,1,2,1
21,79.69,1,2,0,0,1
19,112.82,0,3,0,1,1
60,112.91,1,3,1,1,0
33,54.19,1,4,1,0,0
49,72.77,2,4,1,1,0
35,41.16,2,2,1,1,0
44,119.56,1,1,1,0,0
11,118.11,3,1,1,1,1
66,84.95,1,4,1,2,0
46,100.44,0,3,0,1,0
9,91.51,1,2,1,0,1
3,79.32,2,3,1,0,0
26,25.33,1,3,1,0,0
48,65.48,1,1,0,1,0
66,87.48,0,2,0,1,0
70,87.75,0,3,1,2,0
28,57.31,0,4,0,0,0
26,114.17,0,4,1,2,0
25,36.74,1,1,0,1,0
12,70.04,1,4,1,1,0
5,89.09,1,4,0,1,1
48,89.71,0,3,1,2,0
37,84.86,1,4,0,0,0
44,47.53,4,4,1,3,0
15,35.62,2,3,1,1,0
43,83.59,0,1,0,1,0
48,79.93,2,1,1,1,0
70,37.94,0,2,0,0,0
46,90.51,1,4,0,1,1
43,65.52,1,3,1,0,0
21,86.78,1,2,1,1,0
23,103.74,2,1,0,0,1
47,36.97,3,1,0,0,0
15,21.91,2,3,0,1,0
25,97.91,0,2,1,2,0
36,80.97,1,2,0,1,0
51,89.96,0,3,1,1,0
15,103.82,1,3,1,0,0
68,100.28,2,2,0,2,1
21,116.09,2,1,0,1,1
13,73.59,0,4,1,2,0
19,68.85,0,1,0,0,1
34,60.19,1,3,0,0,0
68,35.37,0,2,0,0,0
52,77.26,0,2,1,0,0
27,47.7,2,4,1,2,0
29,112.13,0,2,0,1,1
28,78.32,0,4,0,2,0
35,79.28,2,1,1,1,1
8,55.49,2,1,1,0,1
16,25.2,3,2,1,0,0
36,23.17,1,2,1,0,0
30,62.33,2,3,1,1,0
18,28.46,1,3,1,1,0
2,80.68,2,2,0,2,1
49,108.1,1,2,0,0,0
4,108.29,3,1,1,1,1
7,85.9,1,2,1,0,0
39,41.12,1,3,1,0,0
13,106.3,4,1,0,3,1
31,108.61,0,4,1,3,1
71,39.67,2,3,1,0,0
63,93.74,2,3,0,1,0
56,48.65,1,1,1,0,0
42,100.26,4,4,1,0,0
61,119.72,2,3,1,2,0
42,23.0,4,2,1,2,0
56,109.74,0,3,1,0,0
36,82.26,1,1,1,0,0
68,117.34,3,1,0,0,0
7,66.5,3,1,0,1,1
54,104.74,1,3,1,0,0
1,26.24,0,4,1,1,0
44,53.53,1,2,1,0,0
45,26.7,2,1,1,1,0
47,117.53,2,4,0,0,0
13,101.7,2,2,1,1,1
22,105.25,1,1,0,1,1
21,113.8,1,2,1,0,0
9,28.51,3,2,1,2,1
26,58.56,3,4,1,0,0
9,27.1,2,2,0,1,0
15,41.08,3,1,0,2,1
10,42.94,2,4,1,0,0
42,66.91,2,3,1,2,1
24,46.86,1,3,1,1,0
49,30.1,0,4,0,1,0
26,36.75,1,3,1,0,0
37,34.73,2,2,1,1,0
68,117.31,3,1,0,3,1
50,95.93,2,2,1,0,0
24,116.78,1,4,0,2,0
19,63.97,1,1,1,0,0
60,47.84,0,4,1,1,0
39,99.83,0,4,1,0,0
18,52.63,3,4,1,1,0
19,49.94,1,2,1,0,0
36,43.25,2,1,0,1,0
55,32.97,2,1,1,0,0
69,45.65,1,1,1,0,0
47,55.53,1,2,0,4,1
49,87.4,2,3,0,0,0
33,26.26,2,2,1,1,0
21,41.05,1,2,0,3,1
22,100.9,2,4,0,1,1
48,34.69,1,1,1,0,0
37,54.26,0,1,0,1,0
15,106.47,0,3,1,0,0
35,35.49,0,3,0,0,0
71,28.27,4,4,1,0,0
32,68.45,3,1,1,1,1
11,50.24,3,3,1,0,1
10,76.34,0,3,0,0,0
57,100.38,2,1,1,0,0
25,33.71,2,2,1,0,0
2,78.07,2,3,1,0,0
64,70.55,3,1,0,1,0
35,34.41,2,3,0,2,0
7,82.4,1,4,1,1,0
18,47.36,1,3,0,0,0
67,68.78,0,1,1,1,0
42,28.23,1,3,0,0,0
39,65.96,1,4,1,1,0
41,50.65,1,4,1,0,0
24,102.24,0,3,1,0,0
60,25.7,0,3,1,0,0
46,61.86,2,4,1,0,0
19,65.84,3,4,1,2,1
68,92.5,1,2,1,0,0
42,77.43,2,2,1,2,0
32,86.72,1,4,1,3,1
39,97.7,2,3,0,1,0
36,106.22,1,1,1,1,1
36,51.39,2,3,0,2,0
3,73.8,1,3,1,1,0
8,104.01,1,2,1,2,1
70,118.95,2,2,1,1,0
41,108.95,2,2,1,0,0
68,57.15,2,4,1,0,0
13,39.52,1,4,0,0,0
49,68.94,1,3,1,0,0
60,94.16,0,3,0,0,0
2,69.26,2,1,1,2,1
60,68.32,3,3,0,0,0
5,103.82,1,3,0,2,1
44,56.14,1,2,1,1,0
27,105.98,0,2,0,1,1
32,60.68,0,2,1,0,0
21,52.82,0,2,0,1,0
8,65.4,0,2,1,0,0
50,96.24,0,1,1,3,1
67,32.6,2,1,0,0,0
44,39.64,2,1,0,1,0
58,115.14,2,2,1,0,0
3,37.55,1,4,0,1,1
70,76.77,1,2,1,0,0
2,77.93,1,2,0,0,1
44,68.96,1,1,0,0,0
2,84.47,0,2,1,0,0
35,42.98,2,1,0,0,0
30,75.27,1,2,1,0,0
8,57.22,0,3,0,2,1
22,86.17,0,4,0,1,1
44,34.12,1,4,1,0,0
58,77.09,0,1,1,0,0
36,38.53,1,3,1,1,0
69,47.86,1,4,0,1,0
31,41.87,2,1,1,0,0
47,38.28,1,2,1,1,0
55,102.57,1,2,0,1,0
62,48.57,0,3,1,3,0
30,112.71,2,4,1,1,0
55,116.99,1,2,0,1,0
16,77.13,2,1,1,0,1
12,34.3,2,2,1,0,0
17,57.45,0,2,0,0,0
16,99.77,3,4,1,1,0
12,56.74,0,4,0,0,0
8,28.7,2,1,1,0,0
3,75.68,1,3,1,3,1
16,104.51,1,3,1,1,1
30,99.59,5,2,1,0,1
23,37.51,2,1,0,0,1
5,87.28,2,3,1,0,1
65,42.05,1,3,1,0,0
30,41.82,0,2,1,1,0
21,107.41,1,1,1,0,1
70,44.97,1,3,0,1,0
22,46.32,2,4,0,1,0
32,20.07,2,4,0,1,0
33,107.07,0,2,1,1,0
16,99.26,3,2,0,3,1
38,82.73,1,2,1,1,0
14,95.03,0,2,1,1,0
36,35.2,3,3,0,0,0
23,65.83,2,1,1,1,0
66,55.12,0,2,1,0,0
2,29.38,0,2,1,0,0
65,68.61,3,3,0,2,0
67,112.07,0,2,0,0,0
52,24.01,4,2,0,0,0
62,49.15,2,1,0,0,0
23,40.75,1,4,1,1,0
26,43.81,0,2,1,0,0
68,110.84,0,3,0,2,0
55,66.81,0,1,1,0,0
6,66.63,1,3,1,1,1
35,96.06,2,1,0,1,1
22,35.45,0,1,0,2,0
43,68.73,2,2,1,3,0
15,63.0,4,2,1,0,1
60,79.69,1,2,1,2,0
12,119.96,1,4,0,0,1
49,96.94,1,4,0,1,0
42,59.79,4,3,0,1,1
38,102.76,3,2,1,1,0
45,37.07,2,4,1,0,0
35,23.05,3,2,0,0,0
30,40.44,4,4,1,0,0
30,54.04,3,4,1,1,0
6,71.06,2,1,1,0,0
67,81.51,1,2,1,0,0
7,111.06,1,2,0,0,1
52,70.99,0,4,1,2,0
14,70.13,1,2,0,1,1
15,25.02,1,4,0,1,0
21,23.49,2,2,1,1,0
35,75.12,2,1,1,1,0
66,63.82,0,2,1,1,0
2,103.92,1,1,1,1,1
35,36.07,2,3,1,1,0
20,22.5,0,2,1,0,0
10,64.9,1,2,0,2,1
25,43.75,1,2,1,3,0
66,24.96,0,1,1,1,0
25,92.46,2,2,1,0,1
54,31.16,2,2,1,1,0
33,80.83,1,4,1,0,0
36,48.1,1,3,1,2,0
14,37.35,5,1,1,0,1
65,57.98,4,4,1,0,0
54,100.14,2,1,0,0,0
52,59.21,0,4,1,1,0
3,95.08,1,3,1,1,1
41,32.55,1,4,1,1,0
6,97.28,2,1,1,1,1
25,43.69,0,2,1,1,0
13,87.74,0,2,1,0,0
8,76.58,3,3,1,0,0
21,112.91,1,1,0,0,1
68,58.73,1,1,1,0,0
25,26.62,0,1,1,0,0
68,21.92,1,3,0,0,0
45,102.69,2,2,1,1,0
60,72.47,0,4,1,1,0
12,97.52,1,3,1,2,1
32,43.44,2,4,0,1,0
13,54.51,1,2,0,2,1
31,23.01,2,3,1,0,0
20,116.15,0,2,0,0,1
18,86.79,2,4,1,0,0
60,113.32,3,1,0,1,1
63,46.55,2,1,1,0,0
6,81.15,3,4,0,0,1
32,87.85,3,1,0,0,1
43,51.75,3,4,1,0,0
2,104.81,2,3,0,1,1
60,114.72,1,3,1,1,0
23,108.49,0,3,1,0,1
31,93.91,0,1,1,1,0
5,47.75,1,2,1,0,0
34,48.16,0,1,0,1,0
10,116.34,2,1,0,0,1
2,21.03,3,2,1,1,1
11,91.6,2,2,1,0,0
50,90.62,2,2,1,1,0
31,82.27,1,2,1,0,0
56,119.01,0,1,1,2,0
9,51.19,1,4,0,0,0
21,54.0,2,3,1,0,0
28,27.89,3,4,1,1,0
62,64.28,1,1,1,3,0
7,46.1,1,2,1,0,0
16,54.34,1,3,0,3,1
4,103.46,1,3,0,1,1
4,113.55,2,4,1,0,1
40,38.57,0,1,1,1,0
17,57.25,3,1,1,0,0
52,112.86,2,1,0,0,1
52,26.18,2,3,0,1,0
36,29.24,1,4,1,1,0
38,36.28,2,3,0,0,0
50,79.52,3,3,1,2,0
63,35.05,1,2,1,1,0
63,116.81,3,4,1,0,0
62,64.67,0,2,0,0,0
7,70.15,3,1,1,0,1
27,44.67,3,3,0,3,1
14,67.1,2,4,0,0,1
71,86.19,1,1,0,3,0
5,95.12,1,4,0,1,1
55,95.39,2,3,1,3,0
2,77.79,1,4,0,1,1
62,110.44,3,1,0,0,0
21,101.74,4,2,1,1,1
21,95.7,3,3,0,0,0
10,25.56,1,2,1,0,0
58,20.69,1,3,0,1,0
39,41.24,1,1,0,1,0
5,86.35,1,3,1,0,0
65,61.12,1,2,0,0,0
13,60.24,1,3,1,0,0
53,108.46,1,1,0,2,1
45,109.56,1,3,0,0,0
32,110.92,4,2,0,1,1
36,51.39,0,1,0,2,0
60,89.11,3,2,0,0,0
11,47.16,1,3,1,1,0
63,39.06,2,4,1,0,0
21,38.46,2,2,0,0,0
52,54.21,1,3,1,1,0
55,63.0,1,4,1,0,0
26,103.09,3,4,1,1,1
68,31.99,1,1,1,1,0
34,93.49,1,4,1,2,0
52,73.15,1,2,0,0,0
52,48.79,0,2,0,0,0
29,69.28,0,4,1,0,0
38,49.99,1,3,1,0,0
42,79.61,2,2,1,2,0
21,63.38,1,2,1,1,0
42,36.44,2,1,1,1,0
13,31.66,1,3,1,0,0
64,74.67,0,4,1,1,0
17,110.24,1,3,1,2,1
9,54.4,3,1,0,0,1
41,93.3,2,1,0,2,1
1,85.87,1,3,0,0,1
2,113.16,2,1,1,1,1
60,102.1,0,1,0,1,0
48,76.66,1,1,1,0,0
