amount,hour,distance_home_km,is_new_merchant,repeat_tries,country_risk,fraud
60.14,13,6.0,0,1,0,0
193.58,16,36.2,0,0,0,0
142.01,11,3.6,0,1,1,0
19.14,19,0.5,0,0,0,0
26.75,11,47.8,1,0,0,0
153.55,2,17.1,0,1,2,0
251.83,20,1.4,1,2,0,1
64.5,20,17.3,0,0,0,0
135.7,1,3.1,0,1,0,0
28.07,20,0.6,1,0,0,0
55.96,20,2.5,0,0,0,0
3.07,14,29.8,0,0,1,0
219.33,10,28.2,0,2,0,0
76.88,9,18.5,0,0,0,0
254.03,17,4.7,0,2,0,1
184.84,22,26.9,0,0,0,0
264.69,21,10.5,0,0,0,0
50.46,22,14.3,1,0,0,0
30.71,23,45.6,1,0,0,0
535.83,20,12.2,0,2,0,1
189.52,1,19.7,0,0,0,0
269.4,6,65.3,0,0,0,0
1.98,6,12.0,1,0,1,0
65.65,23,16.5,0,0,0,0
203.69,6,17.6,0,1,0,0
12.18,22,5.5,0,0,1,0
125.67,13,26.7,0,0,2,0
84.07,23,25.9,0,0,1,0
2.67,1,4.8,0,1,0,0
40.37,1,0.3,0,0,2,0
50.28,22,137.0,0,1,0,1
17.79,14,17.4,0,0,0,0
149.76,10,4.0,0,0,2,0
41.64,9,6.7,1,0,1,0
48.78,2,19.2,0,0,0,0
342.77,16,3.0,0,0,1,0
94.42,8,0.8,0,0,0,0
74.67,14,32.0,0,0,0,0
193.03,13,25.2,0,1,0,0
360.55,18,7.4,0,1,2,0
3.8,16,1.2,0,0,0,0
89.2,21,13.3,0,0,1,0
141.54,19,6.5,0,0,0,0
57.53,16,10.1,0,0,1,0
222.03,15,6.4,1,0,0,0
533.56,19,3.9,0,2,0,0
430.83,7,9.8,0,0,1,0
46.38,6,67.0,0,0,0,0
38.49,11,6.2,0,0,0,0
473.7,0,8.2,0,1,0,0
92.05,11,8.0,1,0,0,0
35.04,5,13.1,0,0,0,0
184.14,15,37.1,0,0,0,0
50.2,17,10.3,0,0,0,0
46.64,18,32.8,0,0,1,0
317.1,22,2.4,1,0,2,1
26.6,2,45.1,0,0,1,0
9.98,2,4.1,0,0,0,0
47.04,4,0.8,0,0,1,0
140.07,2,3.4,0,4,0,1
19.7,18,4.2,0,0,1,0
95.68,4,14.2,0,0,0,0
148.06,13,12.0,0,1,0,0
283.31,20,25.2,0,0,0,0
39.18,15,1.0,0,1,0,0
255.02,0,13.8,0,0,1,0
40.16,16,8.1,0,0,1,0
169.41,10,19.9,0,0,0,0
84.5,8,0.9,0,0,1,0
18.27,20,0.7,1,0,0,0
187.9,3,11.1,0,1,0,1
36.84,1,33.4,0,0,0,0
29.15,8,22.2,1,0,0,0
66.55,21,0.3,0,3,0,1
158.89,4,3.9,1,0,0,0
39.99,3,5.1,0,0,0,0
30.44,22,11.0,1,0,0,0
1.5,4,17.7,0,0,1,0
95.7,23,4.9,0,0,0,0
83.96,23,9.6,0,0,0,0
39.96,17,17.5,1,1,0,0
8.27,12,9.7,0,1,0,0
84.12,4,3.1,0,0,2,0
232.82,23,13.5,0,0,0,0
188.44,18,7.8,1,1,1,0
295.77,22,39.9,0,0,0,0
1.44,2,29.9,0,0,1,0
509.07,21,4.2,0,0,2,1
62.65,17,3.3,0,0,0,0
696.86,5,8.5,0,0,0,1
43.68,5,10.6,0,2,0,1
95.67,23,53.8,1,0,2,0
65.53,4,7.2,0,0,0,0
65.95,0,40.4,1,0,0,0
277.04,7,14.1,0,0,0,0
205.81,0,43.4,0,0,2,0
727.11,20,24.2,0,0,0,0
142.6,5,24.6,0,0,1,0
93.34,19,14.6,0,1,1,0
14.16,13,36.7,0,0,0,0
850.9,10,5.9,1,0,0,0
120.29,1,47.6,0,1,0,1
180.83,20,20.3,1,1,0,0
78.32,3,11.6,0,0,0,0
119.02,12,80.6,0,0,0,0
428.6,6,39.6,0,0,0,1
27.3,5,29.6,0,0,2,0
51.88,2,6.4,0,0,0,0
24.74,8,72.8,1,0,1,1
235.69,13,27.2,1,0,0,0
9.61,19,18.6,0,0,0,0
12.77,10,51.0,1,1,0,1
53.18,4,3.5,0,1,0,0
108.29,13,3.0,0,0,0,0
78.2,18,16.6,0,0,0,0
6.88,7,1.2,0,0,0,0
473.71,6,21.8,0,1,1,1
458.23,6,5.5,0,0,0,0
49.14,23,2.5,0,0,2,0
197.25,22,10.5,0,2,1,0
129.62,2,12.5,0,0,0,0
40.67,2,3.7,0,0,0,0
45.61,17,0.8,0,0,0,0
101.34,12,10.7,0,0,0,0
81.51,0,28.5,1,0,0,0
51.63,4,41.5,0,1,2,1
247.16,3,2.1,0,0,0,0
98.51,15,14.9,0,0,1,0
159.57,14,6.1,0,0,0,0
31.47,17,9.4,0,1,0,0
114.38,16,54.2,0,0,1,0
57.4,13,8.7,0,0,0,0
112.11,13,9.1,0,0,1,0
227.68,18,4.7,0,0,0,0
219.74,5,64.4,1,0,1,0
65.59,12,12.2,0,0,1,0
177.76,17,16.9,1,1,0,0
425.27,14,12.1,0,0,1,0
147.39,22,5.8,1,0,0,0
24.1,6,33.3,0,2,0,0
170.78,18,0.6,0,0,0,0
16.62,16,23.4,0,0,0,0
308.49,8,18.0,0,2,0,1
109.06,10,3.1,1,0,1,0
72.95,4,3.6,0,0,0,0
8.8,1,21.5,0,1,2,1
71.9,14,7.5,0,0,2,0
350.28,23,6.2,0,1,1,0
3.18,11,1.2,0,0,2,0
96.55,9,29.1,1,0,1,0
401.39,9,42.9,0,0,0,0
75.34,19,34.3,1,0,0,0
83.84,10,12.5,1,0,0,0
129.61,9,15.3,1,0,0,0
93.25,6,5.5,0,0,0,0
27.7,13,3.8,0,0,0,0
2.81,12,34.6,0,2,0,0
141.17,4,32.0,1,1,2,1
380.38,18,30.0,1,1,0,0
16.87,9,12.4,0,1,0,0
35.54,7,40.0,0,0,0,0
69.36,17,52.1,1,1,0,0
248.12,0,8.0,0,0,0,0
47.05,4,5.1,0,0,0,0
320.63,10,12.5,1,0,2,0
8.48,19,4.0,1,0,0,0
424.42,10,43.1,1,0,0,1
123.4,15,8.2,0,0,0,0
161.28,9,17.2,0,0,2,0
68.76,14,18.1,0,1,0,0
228.49,6,14.5,0,0,0,0
27.33,14,3.4,0,0,1,0
7.52,15,94.2,1,0,0,1
75.51,5,3.8,1,1,0,0
288.31,10,27.8,0,1,0,0
210.93,16,31.3,0,1,0,0
109.21,14,3.1,0,0,0,0
127.34,15,54.1,0,0,0,0
20.87,23,13.4,0,0,1,0
275.53,1,19.8,0,0,0,0
231.94,3,20.6,0,0,0,0
160.27,18,14.1,1,0,2,0
94.16,5,3.1,0,0,2,0
500.56,17,27.9,0,0,2,0
316.83,20,17.4,0,1,0,0
155.11,10,2.5,0,0,0,0
69.73,8,24.1,1,0,1,0
144.36,2,24.3,0,2,0,1
128.51,1,15.9,1,1,0,1
75.19,17,1.9,0,0,0,0
54.94,14,8.7,0,0,0,0
78.39,21,1.0,0,0,0,0
127.97,17,13.0,1,0,1,0
83.83,18,47.4,0,0,0,0
45.89,14,0.0,0,0,0,0
214.67,16,6.2,0,0,0,0
113.72,17,32.2,0,0,0,0
10.51,17,0.2,0,0,2,0
68.91,10,0.2,1,0,2,0
324.31,17,18.9,1,0,0,0
211.12,22,31.1,0,0,2,0
58.57,2,30.0,0,1,0,0
417.54,12,30.2,0,0,0,0
11.95,13,9.0,0,0,1,0
487.53,3,42.9,0,0,2,0
42.3,17,0.3,0,0,0,0
1.37,4,7.5,0,0,0,0
85.32,13,8.2,0,1,0,0
66.7,11,3.6,1,0,0,0
116.18,6,8.2,0,0,0,0
239.01,11,17.6,0,0,0,0
277.18,7,14.7,1,0,1,0
76.93,20,7.7,0,0,0,0
84.28,20,27.7,0,0,0,0
24.06,2,25.1,0,1,1,1
7.31,21,6.6,0,1,0,0
153.75,0,7.8,0,0,1,0
9.99,2,6.8,0,1,2,0
198.54,10,2.8,0,1,2,0
116.18,17,27.9,0,1,0,0
33.21,6,0.9,1,1,0,0
116.32,8,3.3,0,0,0,0
30.32,3,2.2,1,0,1,0
86.63,22,34.9,1,0,2,0
241.09,23,0.9,1,0,0,0
92.96,9,21.9,0,1,0,0
24.15,17,0.9,0,0,1,0
193.01,22,30.9,0,0,0,0
31.01,15,48.8,0,0,0,0
201.23,11,13.3,0,0,2,0
97.9,18,32.6,0,1,0,0
90.7,23,24.5,0,0,0,0
286.01,21,31.8,0,1,0,0
184.96,2,29.1,0,0,1,1
5.02,7,4.6,0,0,0,0
52.68,18,13.8,0,1,0,0
307.1,8,64.6,1,0,0,1
2.77,18,8.4,0,2,0,0
118.2,16,70.5,0,1,0,1
195.2,12,17.5,0,1,0,0
145.87,1,12.4,0,0,0,0
214.4,3,21.4,0,0,1,0
194.03,10,33.8,0,0,1,0
176.66,1,10.0,1,0,1,0
258.51,3,0.7,1,0,1,0
155.64,3,24.7,0,0,0,0
77.23,19,62.5,0,0,1,0
95.77,0,19.6,1,1,1,1
189.2,10,4.2,0,0,0,0
313.49,22,5.7,0,1,0,0
47.66,1,48.1,1,2,0,1
62.8,18,0.3,1,1,0,0
400.48,7,15.9,0,0,0,0
129.59,22,3.5,0,0,0,0
29.58,19,6.6,0,0,1,0
163.46,3,7.3,0,0,1,0
702.67,15,5.0,0,0,0,0
260.13,14,31.4,0,0,0,0
205.41,4,8.1,0,2,0,1
34.99,4,8.5,0,0,1,0
313.29,14,12.1,1,0,0,0
111.92,22,46.5,0,0,1,0
330.13,16,23.3,0,2,0,0
60.03,2,1.3,0,0,0,0
9.61,17,0.8,0,1,2,0
96.93,10,16.7,0,0,0,0
47.17,5,43.6,1,0,2,1
188.41,11,7.8,0,2,0,1
472.36,21,5.7,0,0,1,0
176.15,16,27.6,0,1,0,0
326.97,13,18.4,0,0,0,0
90.5,5,16.6,0,0,0,0
221.53,9,3.2,0,0,0,0
277.77,15,3.9,0,1,0,0
186.13,17,6.6,0,0,1,0
106.32,19,4.6,0,0,2,0
147.47,5,71.1,0,0,0,0
180.85,18,0.4,0,0,0,0
43.77,2,19.7,1,1,2,0
248.78,11,14.6,0,2,0,0
450.34,15,7.8,1,0,1,0
93.89,2,43.7,0,0,1,0
181.13,15,22.2,0,0,2,0
200.35,3,128.2,0,0,0,1
162.82,19,3.7,0,0,1,0
118.82,12,1.8,0,0,0,0
320.11,3,3.0,0,0,0,0
89.38,3,6.3,1,0,0,0
9.46,6,10.8,0,0,0,0
279.22,20,39.7,0,0,0,0
168.12,11,6.7,0,0,1,0
283.83,1,49.4,0,0,0,1
22.37,15,12.4,1,0,0,0
4.69,6,20.8,1,1,1,1
408.57,18,6.1,0,0,1,0
23.98,10,3.4,0,0,0,0
248.84,0,40.7,1,0,1,0
259.92,8,2.3,0,0,2,0
185.01,4,29.7,0,0,0,0
21.11,16,17.4,1,0,1,1
165.12,0,39.5,0,0,0,0
329.85,16,25.3,0,0,2,0
83.15,11,6.6,1,0,0,0
80.04,12,17.1,1,0,0,0
87.74,23,0.3,0,1,0,0
12.88,10,12.9,0,0,0,0
333.88,12,1.8,1,0,0,0
305.09,12,11.2,1,0,1,0
925.54,5,2.3,1,0,0,0
131.99,21,62.2,0,0,0,0
208.66,5,14.8,1,0,0,0
33.97,19,48.9,0,0,1,0
165.18,20,0.5,0,0,1,0
157.36,9,20.3,0,0,1,0
347.21,18,7.3,0,0,2,0
266.49,2,11.3,1,0,0,0
418.23,6,41.3,1,0,1,0
304.69,4,78.3,0,0,0,1
304.53,7,5.7,0,0,1,0
9.88,4,59.2,0,0,0,0
280.58,11,23.3,1,1,2,1
140.27,3,60.5,0,1,0,0
71.81,18,16.5,0,0,0,0
8.73,17,64.8,0,0,0,0
169.83,2,44.6,1,1,0,1
59.67,6,2.8,0,0,0,0
94.6,7,7.4,0,0,0,0
171.73,14,5.6,1,0,2,0
364.18,20,17.0,0,1,0,0
261.82,16,32.5,0,0,0,0
89.84,18,28.5,0,0,1,0
73.6,3,25.9,1,0,0,0
41.12,15,9.4,0,0,1,0
69.88,12,3.0,0,0,0,0
17.66,11,4.7,0,0,0,0
531.62,3,27.1,1,0,0,1
127.97,11,3.2,0,0,0,0
20.51,16,5.0,0,0,1,0
65.27,8,11.1,0,0,0,0
118.79,11,1.5,0,1,2,1
114.18,14,4.8,0,0,0,0
5.42,19,3.2,1,0,1,0
451.9,1,60.5,1,1,2,1
48.32,8,4.3,0,0,0,0
2.45,13,39.6,0,0,1,1
11.93,3,2.4,0,0,0,0
130.19,3,40.8,0,0,0,0
22.24,5,18.3,0,0,1,0
6.39,23,37.9,1,0,0,0
71.62,4,40.4,1,0,0,1
146.23,23,18.1,0,0,0,0
17.79,16,49.9,0,0,1,0
56.38,12,17.6,0,0,2,0
81.13,19,24.9,1,0,1,0
26.06,16,10.8,0,0,0,0
105.81,18,49.1,0,0,1,0
13.36,22,34.8,0,1,1,0
7.15,0,3.6,1,1,0,0
110.04,20,17.2,1,0,0,0
42.73,16,45.4,0,0,1,0
15.04,21,31.5,0,0,1,0
82.72,2,65.7,0,0,0,0
370.01,13,5.3,1,0,2,0
193.21,11,9.2,1,0,0,0
253.61,14,14.2,0,0,2,0
308.26,5,5.3,0,0,0,0
539.73,19,10.0,0,0,0,0
216.11,21,15.4,0,0,0,0
140.63,1,4.2,0,1,1,1
68.22,3,5.9,0,1,0,0
30.07,12,2.7,0,1,1,0
174.07,12,25.0,0,0,0,0
793.25,22,9.0,0,0,1,0
94.49,21,5.0,1,2,0,0
192.93,22,14.2,0,0,0,0
102.51,16,1.4,0,1,0,0
84.83,5,51.4,0,0,0,0
79.22,10,7.0,0,3,1,0
105.37,18,43.5,1,0,0,0
68.57,15,13.8,0,1,0,0
207.21,7,38.0,0,1,0,0
311.05,0,5.7,0,0,0,0
321.69,9,3.9,0,0,0,0
38.76,1,37.9,0,0,0,0
339.37,18,4.8,0,0,0,0
62.68,13,27.4,0,0,0,0
55.51,2,8.4,1,0,0,0
194.61,22,27.6,0,0,0,0
54.51,23,47.6,0,0,0,0
8.16,8,79.9,1,0,1,0
70.17,22,8.9,0,0,2,0
191.73,7,9.2,1,0,0,0
59.39,10,79.7,1,0,0,0
148.96,14,39.5,0,0,0,0
161.87,5,0.9,0,0,1,0
198.49,1,17.0,0,0,0,0
341.14,0,4.0,1,0,1,0
84.99,2,102.4,0,0,0,0
27.31,22,3.0,1,2,1,1
57.61,17,16.4,1,0,0,0
84.89,13,21.9,1,1,0,0
187.71,16,55.3,1,0,0,0
1.98,1,37.6,0,0,0,0
56.92,18,5.6,1,1,1,1
227.01,21,17.0,0,0,2,0
166.69,8,61.4,0,0,0,0
197.37,7,26.6,0,1,0,1
250.55,9,23.3,0,0,2,0
229.34,8,28.1,0,0,0,0
171.94,7,7.8,0,1,0,0
86.88,6,26.1,0,1,0,0
616.56,21,5.3,0,0,0,0
126.27,23,11.2,0,0,2,0
33.99,5,44.1,1,1,0,1
51.97,1,0.4,0,0,0,0
177.41,8,10.7,1,0,0,0
388.02,8,6.2,0,0,0,0
29.53,18,4.4,0,0,1,0
12.89,8,36.5,0,0,0,0
319.97,1,23.8,0,0,0,0
370.26,18,2.4,1,0,2,0
48.52,15,13.6,1,0,0,0
71.05,21,12.6,1,1,0,0
161.9,13,3.1,0,0,0,0
60.06,19,32.2,0,0,0,0
314.53,23,9.1,0,0,0,0
17.07,0,28.7,0,0,0,1
5.81,12,4.3,1,0,0,0
35.07,21,7.6,1,1,1,0
50.55,1,2.0,0,0,0,0
17.97,21,3.1,1,0,1,0
10.19,13,42.9,1,0,0,0
211.35,0,2.3,0,0,2,0
26.92,14,2.0,0,0,1,0
367.88,17,56.4,1,0,0,0
68.83,8,20.8,0,0,2,0
166.58,21,2.1,0,1,0,0
38.31,7,71.3,0,1,1,1
41.23,6,3.2,0,0,1,0
128.25,8,29.1,0,0,0,0
123.37,8,0.7,0,0,0,0
219.62,10,19.6,0,0,0,0
212.71,3,15.8,0,0,0,0
166.61,6,4.7,1,0,0,0
89.44,20,20.6,1,0,0,0
331.97,6,19.2,0,0,0,0
146.16,3,32.0,1,0,0,0
693.78,11,41.7,1,0,0,1
256.7,16,14.3,0,0,0,0
6.8,19,13.5,1,1,0,0
57.98,2,19.4,0,0,1,0
127.25,8,26.1,0,0,1,0
191.73,4,8.8,0,0,0,0
119.89,19,14.0,0,1,1,0
231.36,15,17.6,0,0,1,0
49.83,7,89.1,1,1,2,1
30.48,20,17.7,0,1,0,0
8.31,15,5.1,1,0,0,0
127.76,18,17.7,0,1,0,0
175.0,15,34.2,1,1,0,0
59.21,17,39.0,0,0,0,0
142.63,14,32.2,0,0,0,0
8.03,23,43.8,0,0,0,0
15.69,17,8.2,0,0,0,0
181.48,13,14.2,0,0,0,0
68.85,23,30.2,0,2,2,1
166.91,15,6.1,0,0,2,0
267.32,4,9.3,0,0,1,0
287.21,7,35.6,1,0,0,1
28.34,15,29.4,0,1,2,0
99.91,20,70.9,0,0,0,0
198.6,0,110.3,1,0,1,1
223.07,10,5.5,0,1,0,0
230.34,10,46.1,0,1,0,0
38.85,1,2.0,0,0,1,0
32.08,21,24.7,0,0,1,0
133.74,18,5.0,0,0,1,0
202.69,23,7.1,0,0,2,0
57.66,4,58.5,0,0,0,0
16.59,2,6.1,1,0,0,0
189.21,22,22.4,1,1,0,0
53.44,7,3.9,1,1,0,0
27.29,3,2.0,0,0,1,0
23.98,12,8.3,0,1,1,0
56.73,21,19.6,0,0,0,0
134.72,13,5.7,0,0,0,0
66.57,0,7.1,0,1,0,0
3.13,4,24.7,1,1,1,0
15.29,20,2.2,0,0,0,0
51.48,6,11.8,0,1,0,0
161.69,22,56.9,0,0,0,0
15.56,5,10.1,1,0,0,0
123.37,14,11.4,0,0,1,0
19.16,14,26.8,0,0,2,0
35.67,7,30.2,1,0,0,0
28.35,1,29.4,0,0,0,0
10.44,13,123.0,0,0,1,0
166.91,15,1.5,1,0,1,0
93.38,22,80.6,1,0,0,0
266.73,9,60.0,0,0,0,0
15.62,14,38.2,0,1,2,1
23.45,22,12.1,0,0,0,0
54.89,3,40.9,0,1,2,1
217.78,11,5.0,0,0,0,0
54.74,9,31.4,1,0,0,0
78.74,1,4.1,0,1,0,0
53.85,3,33.8,0,0,1,0
12.54,19,19.1,0,0,2,0
420.6,5,2.1,0,0,0,0
119.29,13,45.1,0,0,0,0
232.56,22,17.3,0,0,0,0
161.1,2,21.4,1,1,1,1
108.31,14,6.7,0,0,1,0
14.09,0,41.1,0,0,1,0
154.39,18,15.8,0,0,0,0
25.33,0,10.9,0,0,0,0
80.26,12,15.3,0,0,0,0
148.78,7,24.3,1,0,0,0
228.65,17,23.8,1,1,0,1
173.3,21,8.9,0,0,2,0
167.0,2,9.7,1,2,0,1
24.21,22,16.5,0,0,0,0
63.73,17,51.6,0,0,1,0
6.58,19,27.4,0,1,1,0
190.66,8,9.9,0,0,0,0
457.33,5,8.2,0,1,0,0
46.0,19,14.8,0,0,0,0
13.77,1,40.8,0,0,0,0
96.82,3,0.2,0,0,1,0
291.42,17,24.8,0,0,1,0
120.44,6,7.0,0,0,0,0
7.19,10,4.7,0,0,1,0
549.03,4,0.2,0,1,1,1
264.61,7,45.4,0,0,2,0
21.16,10,48.7,0,0,1,0
382.27,23,1.3,1,0,0,0
89.86,19,14.8,0,0,0,0
69.76,19,3.3,1,0,0,0
92.72,14,28.4,0,0,0,0
269.88,23,21.9,1,0,0,1
161.59,2,7.1,0,0,0,0
9.16,6,2.5,0,1,1,0
474.11,23,35.6,0,0,0,0
23.99,7,22.4,0,0,2,0
205.31,10,0.1,0,1,0,0
151.65,9,19.8,0,0,0,0
31.15,19,33.2,0,2,0,0
28.08,8,17.9,0,0,0,0
306.41,14,11.1,1,1,0,0
81.63,19,17.5,1,0,1,0
159.45,23,19.3,0,0,0,0
105.2,21,20.4,0,0,1,0
194.94,4,68.3,0,0,0,1
97.87,14,3.9,1,0,0,0
50.82,3,19.5,1,0,1,0
67.74,4,4.2,1,0,0,0
293.93,14,4.7,0,0,0,0
94.68,16,22.1,1,0,0,1
36.01,22,49.5,1,1,0,1
409.1,7,3.5,0,1,0,0
238.89,18,65.6,1,0,0,0
8.59,8,7.7,0,0,0,0
1027.84,9,9.9,0,1,0,0
178.08,4,3.3,1,0,1,0
26.2,9,19.1,0,0,0,0
40.61,21,18.1,0,1,2,0
176.87,0,11.7,0,0,0,0
226.96,21,12.9,1,2,1,1
40.98,23,19.5,0,0,1,0
44.55,3,17.5,1,0,0,0
55.03,20,9.4,0,1,2,0
136.7,4,43.1,0,1,0,0
28.28,22,22.0,0,2,0,1
16.51,6,4.6,1,0,0,0
170.38,22,7.7,0,0,2,0
226.51,4,31.0,0,0,1,0
104.25,19,2.2,0,0,0,0
67.84,7,27.7,1,0,0,0
84.86,16,8.9,0,2,0,0
73.75,0,16.0,1,0,0,0
482.77,21,6.6,0,0,0,0
219.21,17,86.0,0,1,0,1
35.0,11,47.3,0,2,0,1
72.72,2,52.7,1,0,2,0
117.79,19,4.1,1,1,0,0
142.39,13,36.9,0,0,1,0
94.72,15,15.3,1,0,0,0
249.21,17,24.6,0,1,2,1
218.9,9,4.9,0,0,0,0
105.53,22,24.9,0,1,0,0
289.06,14,49.1,0,0,1,0
208.6,9,6.2,0,0,1,0
226.16,0,5.3,0,0,0,0
469.91,18,2.2,0,0,0,0
46.48,1,6.2,0,1,0,0
46.72,12,15.3,0,1,0,0
329.67,15,35.8,0,0,0,0
221.91,7,6.5,0,1,0,0
391.66,2,19.4,1,0,0,1
9.78,20,13.1,0,2,0,0
148.23,18,6.8,1,0,0,0
23.43,13,14.3,1,0,1,0
105.15,10,3.7,0,2,0,0
25.4,11,20.4,0,0,0,0
20.56,10,2.5,0,1,0,0
1.84,10,26.3,0,3,0,1
149.23,21,3.9,0,0,0,0
66.71,20,126.0,0,0,0,1
16.67,17,34.7,0,0,1,0
58.48,9,8.4,0,0,2,0
27.76,15,11.1,1,0,1,0
426.31,7,6.0,0,0,0,0
57.85,5,29.1,1,0,0,0
60.96,18,9.6,0,0,2,0
274.75,12,28.1,0,1,0,1
156.51,14,0.4,0,0,0,0
185.77,12,2.9,0,0,0,0
151.59,0,9.1,1,0,1,1
438.36,20,2.3,0,1,0,0
34.79,1,18.4,0,0,0,0
677.02,12,1.0,0,0,1,0
266.64,1,39.3,0,1,1,1
133.36,10,28.7,1,0,0,0
162.87,12,4.9,0,0,1,0
156.97,9,13.2,0,0,0,0
9.03,22,12.0,0,0,1,0
36.89,21,25.8,0,1,0,0
488.45,14,10.3,0,1,0,0
114.65,0,0.7,1,0,1,0
71.31,13,6.4,0,1,0,0
215.35,9,12.6,1,0,0,0
111.51,17,73.4,1,2,0,1
1.99,10,42.6,0,0,2,0
199.91,6,4.0,0,0,0,0
197.64,14,25.7,0,0,0,0
27.08,2,55.2,0,0,0,0
470.8,1,0.2,0,0,0,0
38.02,21,25.5,0,0,1,0
91.8,7,12.3,0,0,1,0
18.28,7,22.8,0,1,1,0
138.68,10,18.6,0,0,2,0
70.61,15,83.6,0,1,1,0
65.35,1,6.8,0,0,0,0
263.15,21,30.8,0,0,0,0
1.44,4,5.3,0,1,0,0
239.88,6,11.4,1,0,0,0
127.1,19,74.1,0,1,0,1
641.36,12,29.1,1,1,0,1
133.54,1,7.6,0,1,1,0
8.55,2,19.3,0,2,0,1
7.8,8,1.0,0,0,0,0
322.03,9,6.2,0,1,0,0
276.03,23,25.3,0,0,0,0
63.67,12,16.9,1,1,0,0
144.36,20,12.7,1,0,0,0
100.88,12,23.5,1,0,0,0
512.43,4,10.2,0,0,1,0
449.24,22,0.5,0,0,1,0
618.77,6,11.6,0,0,0,0
301.99,16,46.5,0,0,0,0
360.45,14,38.8,1,0,1,1
36.75,4,10.5,0,1,0,0
266.68,23,0.4,1,0,0,0
185.09,6,20.2,0,0,0,0
493.66,1,27.0,0,0,1,0
127.04,23,7.0,1,0,1,0
13.35,17,13.0,1,0,2,0
136.47,9,96.2,0,0,0,0
174.03,0,17.2,0,0,0,0
37.33,13,8.6,0,0,0,0
75.16,18,19.7,0,0,1,0
136.88,15,4.0,0,1,0,0
70.29,18,4.4,0,0,0,0
70.49,5,51.8,0,2,0,1
21.42,11,5.5,0,0,1,0
423.89,2,7.4,0,0,0,0
208.24,6,15.7,0,0,2,0
0.19,23,46.0,1,0,0,0
217.62,2,30.4,0,0,0,0
201.94,16,0.9,1,1,0,0
1.47,14,23.6,0,0,0,0
69.21,18,14.0,0,0,0,0
140.0,18,12.9,1,0,1,0
90.43,22,23.5,0,0,0,0
225.75,10,4.4,0,1,0,0
83.13,20,79.8,0,1,1,1
25.06,19,20.7,0,1,0,0
562.08,1,9.1,0,0,0,0
41.57,6,18.3,0,0,0,0
189.71,18,4.9,0,0,0,0
23.17,6,20.1,0,0,0,0
59.85,9,0.6,0,1,0,0
87.52,11,8.3,0,0,0,0
32.02,22,27.5,0,0,2,0
89.66,17,33.0,0,0,0,0
25.65,22,5.8,0,0,0,0
122.81,5,15.5,0,0,1,0
163.47,19,15.0,1,1,0,0
9.67,20,10.9,0,0,0,0
307.35,7,5.2,1,1,0,0
30.71,4,24.3,1,0,2,0
38.3,2,5.8,1,0,0,0
162.42,1,48.4,0,0,2,0
94.88,21,15.0,0,0,1,0
103.79,5,40.9,1,0,0,0
20.57,6,6.9,0,0,1,0
245.78,7,32.9,0,0,0,1
143.98,3,2.4,0,0,0,0
21.82,11,29.1,0,0,0,0
70.26,23,9.8,0,1,0,0
249.43,11,12.7,0,1,2,1
126.02,16,3.6,0,2,0,0
17.25,21,0.4,1,0,0,0
69.97,21,21.9,1,0,1,0
41.7,18,17.7,1,0,2,0
109.31,8,19.5,1,0,2,0
278.07,11,5.9,1,0,1,0
85.98,20,5.5,1,0,0,0
85.2,16,35.5,0,1,0,0
353.64,22,28.6,0,1,0,0
128.77,9,8.2,0,0,0,0
125.27,18,20.3,0,1,0,0
45.55,10,35.2,1,1,2,0
140.37,19,43.9,0,0,2,0
128.67,21,0.1,0,0,0,0
75.84,23,33.6,0,0,1,0
701.59,12,8.6,0,0,0,0
320.42,3,25.3,0,0,0,0
207.7,14,9.3,0,1,2,0
115.62,11,18.6,0,0,0,0
93.0,23,20.8,0,0,1,0
30.67,9,10.4,0,0,0,0
54.74,21,14.4,1,1,1,0
223.06,6,25.9,0,3,0,1
90.7,23,12.9,0,0,0,0
320.9,1,0.3,0,1,0,0
24.01,20,0.3,1,0,0,0
106.5,6,21.7,0,0,0,0
156.18,7,37.6,0,0,0,0
109.11,20,30.8,0,1,1,0
330.04,18,7.4,1,0,1,1
684.36,5,12.7,0,0,0,0
18.47,20,5.3,0,1,0,0
20.88,7,90.5,0,0,1,0
20.95,21,6.0,0,0,0,0
171.47,19,10.8,0,0,0,0
69.94,3,22.9,0,0,0,0
198.25,19,41.8,0,0,0,0
78.0,23,1.1,1,0,0,0
148.17,8,7.2,0,0,0,0
220.36,4,16.8,0,0,0,0
119.18,5,19.3,0,0,0,0
116.32,18,1.5,0,2,0,0
13.86,11,21.8,0,0,0,0
79.34,4,15.0,0,0,1,0
118.38,4,35.2,0,1,1,1
92.98,17,5.0,0,0,0,0
346.57,5,4.3,0,1,0,0
355.52,8,31.5,1,0,0,0
258.83,10,24.3,0,0,0,0
70.57,22,31.4,0,0,2,0
189.5,13,30.5,0,1,0,0
75.45,23,2.2,0,0,0,0
39.71,1,6.5,0,0,0,0
62.99,13,6.0,0,0,2,0
11.04,18,54.5,0,0,0,0
60.47,9,13.4,0,0,0,0
92.63,4,2.4,0,0,0,0
466.78,22,6.8,0,0,0,0
56.4,3,41.1,0,0,0,0
349.11,6,37.6,0,0,0,0
38.98,23,46.1,0,0,0,0
31.79,12,9.8,0,0,0,0
109.78,9,20.5,0,0,0,0
167.45,9,6.5,0,0,0,0
6.8,3,4.0,0,0,0,0
37.47,15,0.4,0,0,1,0
91.23,14,5.1,1,0,2,0
60.3,20,18.5,1,0,1,0
187.04,10,46.9,0,0,0,0
107.36,18,2.9,0,0,0,0
26.22,20,50.0,1,1,0,0
337.31,23,8.5,0,2,0,0
51.99,2,11.1,0,1,0,0
197.03,14,9.1,1,0,0,0
227.06,15,10.5,0,0,0,0
495.17,13,6.0,0,1,0,0
103.52,4,24.0,0,0,0,0
143.5,16,28.4,0,1,0,0
61.17,17,34.6,0,0,0,0
170.06,18,8.3,0,0,0,0
93.37,0,28.9,0,0,0,1
86.35,8,20.3,0,0,1,0
290.14,20,63.4,0,1,1,1
7.72,13,11.1,0,1,0,0
320.51,19,97.4,0,0,1,1
286.65,20,27.0,0,0,0,0
105.89,19,29.9,0,0,0,0
101.06,20,0.5,0,0,0,0
67.37,22,13.8,0,0,1,0
771.81,10,15.0,0,0,0,0
17.68,23,0.8,0,0,0,0
133.82,1,7.5,0,0,0,0
171.71,19,62.3,0,0,2,0
408.47,23,11.1,0,0,0,0
227.26,22,4.1,0,0,0,0
154.86,4,14.4,0,0,0,0
18.63,21,0.7,0,0,1,0
70.2,23,14.5,1,0,0,0
22.42,14,18.0,0,0,0,0
319.56,11,8.9,1,1,0,1
207.72,13,28.8,1,0,0,0
212.54,10,2.9,0,0,0,0
158.44,20,42.1,1,0,0,0
106.1,8,62.2,1,0,1,0
24.37,19,0.0,1,0,0,0
60.0,7,37.0,0,0,2,0
22.09,11,14.1,0,0,1,0
193.6,2,12.4,0,0,0,0
26.19,20,5.5,0,0,0,0
181.66,14,11.9,0,0,1,1
176.77,7,60.1,0,1,0,1
92.23,6,4.7,1,0,0,0
21.79,16,3.9,0,1,0,0
56.71,11,5.5,0,0,0,0
57.87,19,16.1,0,0,0,0
180.79,17,53.3,0,1,2,1
18.11,17,17.1,0,0,1,0
264.97,14,5.6,0,1,0,0
214.7,22,11.6,1,1,0,0
30.93,2,9.9,0,0,0,0
190.5,18,1.0,0,1,0,0
165.63,14,14.3,0,2,0,0
206.82,15,2.7,0,0,1,0
31.41,21,36.9,0,0,2,0
25.72,21,15.9,0,0,0,0
40.47,16,37.2,0,0,0,0
68.33,0,62.5,0,1,0,1
236.74,10,57.4,0,2,0,0
200.87,5,2.1,1,1,0,0
389.45,22,57.9,0,1,1,1
9.06,8,31.8,0,0,2,0
1.74,19,30.1,0,0,2,0
180.17,15,1.9,0,0,1,0
49.13,5,4.0,1,0,2,1
60.99,11,73.9,1,0,2,1
118.71,18,4.8,0,0,0,0
16.21,12,3.7,0,0,0,0
154.37,12,9.0,0,0,0,0
58.99,3,48.9,1,1,0,0
150.24,8,12.9,0,0,0,0
269.37,13,50.7,0,2,1,1
28.15,13,8.1,0,0,0,0
400.77,16,5.1,0,0,0,0
113.47,4,13.7,0,0,0,0
384.45,22,19.1,0,0,0,0
34.93,18,9.9,0,0,0,0
139.16,1,8.5,0,0,0,0
77.6,12,4.9,0,1,0,0
223.23,10,6.4,0,0,0,0
139.68,1,22.4,1,0,0,0
102.34,0,9.2,0,0,0,0
366.25,20,1.7,0,0,0,0
71.01,2,3.0,0,0,0,0
37.27,11,9.3,0,0,0,0
140.51,6,51.7,0,1,0,0
146.74,0,9.5,0,0,0,0
86.73,8,1.3,1,1,0,0
100.01,17,10.8,1,0,2,0
481.17,23,22.1,0,0,0,0
197.9,19,18.0,0,0,0,0
17.58,5,6.5,0,0,1,0
35.76,8,23.3,0,0,2,0
556.83,22,19.9,0,0,0,0
194.45,7,3.8,0,0,1,0
369.85,22,3.5,1,1,1,0
54.33,17,15.8,0,1,0,0
203.14,14,21.5,0,1,1,0
187.77,0,65.4,1,0,0,0
52.37,13,11.0,0,0,0,0
120.05,17,29.0,0,0,0,0
148.09,18,2.5,0,0,0,0
98.42,18,44.1,1,1,1,0
263.32,9,20.1,0,0,1,0
268.35,19,19.8,0,0,2,0
285.17,20,3.1,0,0,0,0
244.01,5,0.8,1,1,0,0
100.44,16,24.2,0,0,1,0
72.05,13,2.5,0,0,0,0
267.01,12,2.7,1,0,0,0
101.06,7,4.2,1,0,1,0
42.43,21,2.1,1,0,0,0
106.19,9,19.6,0,0,0,0
22.95,8,11.0,0,0,0,0
176.47,4,6.2,0,2,0,0
61.4,22,11.6,0,0,0,0
45.3,3,37.2,1,0,0,0
470.28,5,52.4,1,0,0,1
225.01,5,13.4,0,0,1,0
232.02,12,16.7,0,0,0,0
146.61,3,5.9,0,0,0,0
274.11,21,14.4,0,0,0,0
213.54,7,27.6,0,0,0,0
136.98,4,13.6,0,0,2,0
487.11,1,7.2,0,1,0,0
31.9,8,17.4,1,2,0,0
430.71,10,58.6,0,0,0,0
76.98,19,43.8,0,0,0,0
112.74,19,29.3,1,0,1,1
19.64,10,6.5,0,0,1,0
116.51,6,5.5,0,0,0,0
141.71,13,36.5,0,2,2,1
911.33,5,4.0,1,0,0,0
554.49,3,18.6,0,1,0,0
508.97,5,11.6,1,0,0,0
64.25,2,12.6,0,0,0,0
711.09,22,12.1,1,1,0,0
91.18,5,46.0,0,1,2,1
286.42,2,1.8,0,0,1,0
36.56,0,30.5,1,0,0,0
105.73,20,36.0,0,0,0,0
507.26,17,57.3,1,0,1,0
440.71,22,12.1,1,0,0,0
172.68,22,13.9,0,0,0,0
239.79,3,65.0,0,0,0,0
29.12,5,12.3,0,0,0,0
191.84,16,14.0,0,0,0,0
144.37,17,8.1,0,0,0,0
14.4,5,0.6,1,0,0,0
18.01,1,11.3,0,0,0,0
17.22,11,21.3,0,0,2,0
193.3,11,23.4,0,0,1,0
22.92,3,0.1,0,0,0,0
94.59,15,32.3,1,0,0,0
66.24,19,13.6,0,0,0,0
119.94,9,14.7,0,1,0,0
183.87,9,65.3,0,0,1,0
173.15,6,6.7,0,0,0,0
108.7,13,28.7,0,0,0,0
93.64,6,17.1,0,0,1,0
76.08,11,24.1,0,0,0,0
296.98,10,10.8,0,0,1,0
60.26,16,6.5,0,1,1,0
45.04,10,15.8,0,0,0,0
203.99,20,9.4,0,0,2,0
66.89,2,5.0,0,0,0,0
281.6,18,36.6,0,0,2,1
59.6,21,12.9,0,0,0,0
181.57,3,37.6,0,1,1,0
6.92,7,12.9,0,0,1,0
73.06,13,16.3,0,0,0,0
63.06,19,107.1,0,1,0,0
254.48,23,60.5,0,1,2,1
511.94,13,6.3,1,0,2,0
92.67,15,40.6,0,0,0,0
261.31,14,9.9,0,1,0,0
180.44,11,1.5,0,1,0,0
513.45,15,17.2,1,0,1,1
249.99,19,75.5,0,0,0,1
12.1,18,73.2,1,0,1,1
187.39,4,2.7,0,0,0,0
115.02,11,29.5,0,0,0,0
2.49,4,32.5,0,0,0,0
43.42,9,9.2,0,1,0,0
382.19,16,21.5,1,1,0,1
390.68,14,13.4,1,1,0,0
240.56,7,5.2,0,0,0,0
600.78,7,28.6,0,0,0,0
246.41,7,6.1,1,0,0,0
1.54,9,8.3,0,0,0,0
50.92,19,4.2,0,1,0,0
4.67,12,25.4,0,0,0,0
14.83,15,12.3,0,1,1,0
37.05,8,11.7,1,0,0,0
105.04,15,18.6,0,0,0,0
282.12,9,3.4,0,0,2,0
297.04,2,45.7,1,0,0,0
143.65,22,12.5,0,1,1,0
395.03,21,9.1,0,0,2,0
103.99,13,2.7,1,1,0,0
329.78,12,3.7,0,0,0,0
90.79,3,50.6,0,0,0,0
48.7,3,12.2,0,0,0,0
372.28,5,25.6,0,0,0,0
73.64,23,1.7,0,1,0,0
105.0,18,20.6,0,0,0,0
59.82,10,50.9,0,0,1,0
163.08,7,7.1,0,0,0,0
795.69,13,17.3,0,0,1,1
3.88,7,56.3,1,0,0,0
345.16,13,25.4,0,0,0,0
0.59,22,1.3,0,0,0,0
67.94,6,9.5,1,0,0,0
27.7,20,1.8,0,0,0,0
212.42,17,39.5,0,0,0,0
7.79,11,19.4,0,0,0,0
120.94,13,62.6,0,0,0,0
52.42,14,0.4,0,0,1,0
21.52,17,11.0,1,0,0,0
221.64,11,2.2,1,1,0,0
36.77,9,8.6,0,0,0,0
37.98,11,3.5,1,0,0,0
48.25,7,8.0,0,0,0,0
132.56,5,34.2,0,0,1,0
161.67,23,3.5,0,0,2,0
2.66,18,12.8,0,0,0,0
41.53,0,50.9,0,0,0,0
84.57,12,134.2,1,0,0,1
60.51,21,5.8,1,0,0,0
323.35,15,54.8,0,0,0,1
232.47,17,6.1,0,0,0,0
147.48,11,10.7,0,0,0,0
61.88,4,42.1,1,0,0,0
180.93,20,30.9,0,0,0,0
278.34,12,39.0,0,1,0,0
135.52,7,32.2,1,0,0,0
230.19,5,5.4,0,0,0,0
207.41,2,16.4,0,0,0,0
127.2,19,9.7,0,0,1,0
56.13,3,12.3,0,0,1,0
205.43,11,3.3,0,0,0,0
34.75,12,7.6,0,0,0,0
226.77,1,39.0,0,0,0,0
244.87,18,45.6,0,0,2,0
259.02,3,18.8,0,1,2,0
96.06,22,13.8,0,1,0,0
32.07,12,25.0,0,1,0,0
15.76,18,18.8,1,0,0,0
204.01,7,82.3,0,0,1,0
326.08,7,4.2,0,0,2,0
157.83,15,11.9,0,0,0,0
23.35,10,50.1,0,0,1,0
409.77,17,49.2,0,0,0,0
677.88,3,13.7,1,0,0,1
85.21,23,2.9,0,0,0,0
135.52,0,33.7,1,0,0,0
225.24,0,17.6,0,0,0,0
199.99,13,29.7,0,0,0,0
515.31,3,12.4,1,1,2,0
18.31,10,4.6,0,1,2,0
130.38,17,0.5,0,1,0,0
176.61,15,16.4,0,1,0,1
331.23,16,3.5,0,1,1,0
310.85,23,4.1,0,0,0,0
572.51,1,11.5,1,0,1,1
107.64,3,11.7,0,0,0,0
266.47,2,6.4,1,0,1,0
83.6,14,2.8,0,1,0,0
82.31,1,58.0,0,0,0,0
43.82,23,2.8,0,0,0,0
255.76,18,8.6,0,0,1,0
638.34,8,7.3,0,0,0,0
44.43,9,40.2,0,1,2,0
8.67,20,10.6,1,0,1,0
253.55,18,2.6,0,0,0,0
145.23,4,0.2,0,0,0,0
481.71,13,25.6,0,0,0,0
43.6,9,25.1,1,0,0,0
11.05,15,10.8,0,0,0,0
101.72,5,2.7,1,1,0,0
13.4,7,9.3,0,0,0,0
45.53,1,17.8,0,0,0,0
20.2,17,24.3,1,0,0,0
38.07,20,1.6,0,0,0,0
16.83,20,16.3,1,0,2,0
461.56,20,6.5,0,0,0,0
48.98,19,19.2,0,0,1,0
88.02,7,20.9,1,1,0,0
343.32,4,48.3,0,1,0,1
169.66,16,10.6,0,0,0,0
144.36,15,15.4,0,0,1,0
183.4,4,6.2,0,0,0,0
264.76,16,6.8,0,0,0,0
315.15,3,0.9,0,0,1,0
154.35,0,6.7,1,0,0,0
331.1,21,1.3,0,0,0,0
114.99,5,66.4,0,0,0,1
48.71,0,19.6,1,0,0,0
318.14,23,3.8,0,1,2,0
116.96,3,2.5,1,1,0,0
354.89,1,9.2,1,0,0,0
6.15,12,7.4,0,0,2,0
76.0,13,6.5,0,0,2,0
442.92,16,12.6,0,1,0,1
43.08,10,48.8,1,0,1,0
425.9,2,16.8,0,0,0,1
461.55,6,14.7,0,0,1,1
320.74,9,32.9,0,2,0,1
124.4,10,0.1,1,0,0,0
156.17,9,4.4,1,1,0,0
305.59,7,13.7,1,1,2,1
224.35,4,24.4,0,0,0,0
149.18,22,13.3,0,0,0,0
604.78,1,3.6,0,0,0,0
173.6,14,53.2,0,0,0,0
556.25,15,8.0,0,0,1,0
8.87,3,31.0,1,0,1,0
22.44,21,44.4,1,0,1,0
90.07,15,8.5,0,0,0,0
72.89,11,37.3,1,0,0,0
229.0,13,24.8,0,0,0,0
26.26,11,46.9,0,0,2,1
560.05,20,5.8,1,1,0,0
56.76,15,53.6,1,0,0,0
84.03,15,1.4,0,0,0,0
48.18,21,31.6,1,0,0,1
129.9,11,11.4,1,1,0,0
9.06,1,3.9,0,0,1,0
24.32,22,1.7,0,0,0,0
205.44,23,9.9,0,0,0,0
30.96,13,9.9,1,0,0,0
40.28,10,5.2,0,0,0,0
236.24,8,4.9,0,0,2,0
14.69,21,10.2,0,0,0,0
86.3,6,10.6,0,0,0,0
3.5,11,11.7,0,0,1,0
63.88,16,40.6,0,0,0,0
180.09,8,18.9,1,0,0,0
14.16,5,0.4,0,0,0,0
328.84,11,14.6,1,0,0,0
360.36,19,28.7,1,1,0,1
16.64,9,1.2,1,0,0,0
702.19,8,11.0,1,0,0,0
52.97,11,12.0,1,1,0,0
13.18,0,61.6,0,0,0,1
0.76,1,12.9,0,1,0,0
78.77,18,27.7,0,0,0,0
149.06,0,7.2,0,0,0,0
60.56,15,30.2,0,1,2,0
271.84,15,7.8,0,1,0,0
189.14,17,11.2,0,1,0,0
64.65,17,13.1,0,0,0,0
198.81,22,52.2,0,0,1,0
423.24,12,1.1,1,0,2,0
14.66,21,4.4,0,0,2,0
54.81,11,24.5,0,0,0,0
93.35,8,17.2,0,0,0,0
103.37,4,5.8,0,0,0,0
117.2,8,6.8,1,1,0,0
53.64,12,9.2,0,0,1,0
165.06,15,12.0,0,0,0,0
155.38,9,34.1,1,1,0,1
129.35,15,0.3,0,1,2,0
18.12,13,45.7,1,1,0,1
97.22,1,10.7,0,0,0,0
66.06,18,5.2,0,1,0,0
101.31,10,14.2,0,1,0,0
382.4,18,21.6,0,0,0,0
98.24,10,0.9,0,0,0,0
2.11,13,25.2,0,0,0,0
86.66,14,28.6,1,0,0,0
257.76,6,3.6,0,0,1,0
227.16,14,3.7,0,2,0,0
108.04,23,4.6,0,0,1,0
43.11,22,31.9,1,0,1,0
93.85,7,6.3,0,0,1,0
124.41,3,31.8,0,0,0,0
1343.87,17,15.6,0,0,0,1
155.0,13,29.1,0,0,1,0
177.76,20,16.1,0,1,1,0
101.43,17,8.2,1,0,0,0
65.66,3,48.3,0,0,1,0
251.46,1,25.1,0,0,0,0
102.46,20,13.2,0,0,1,0
785.73,5,20.3,0,0,0,0
91.63,10,19.1,0,0,0,0
10.56,0,8.9,1,0,0,0
172.13,14,11.0,0,0,0,0
7.16,11,7.7,1,0,0,0
43.25,23,152.8,0,1,2,1
65.48,17,17.4,0,0,0,0
201.76,4,1.9,0,0,0,0
102.25,10,14.6,0,0,0,0
4.36,23,1.0,0,0,1,0
143.9,20,6.8,1,0,0,0
79.51,18,11.8,0,0,1,0
382.34,21,15.3,0,0,0,0
103.84,0,74.7,0,0,0,0
185.15,16,80.6,1,1,0,1
37.05,7,2.1,1,0,2,0
214.68,22,15.4,0,0,0,0
191.46,15,34.0,0,0,0,0
351.64,10,5.4,0,0,0,0
5.16,18,27.8,1,0,0,0
89.0,23,42.2,0,0,2,1
170.52,10,21.7,0,0,0,0
15.0,14,7.9,1,0,1,0
79.3,7,51.3,0,0,0,0
427.48,13,43.0,0,1,0,0
85.89,0,25.2,0,0,0,0
634.06,9,9.0,0,1,0,0
8.78,6,31.4,1,0,1,0
189.79,17,7.6,0,1,0,0
130.49,11,5.8,1,0,0,0
104.13,1,14.5,0,0,1,0
530.28,17,117.1,1,0,1,1
20.83,20,32.6,0,0,0,0
339.5,6,26.2,0,0,1,1
176.28,19,12.0,1,1,0,0
44.96,11,7.5,0,0,0,0
347.91,19,38.7,0,0,0,0
84.13,13,16.8,0,0,0,0
252.48,9,33.6,0,0,1,0
73.86,8,13.4,0,1,0,0
285.5,22,28.0,1,0,0,0
151.85,14,40.5,0,0,0,0
22.81,19,9.9,0,1,0,0
157.33,23,0.3,0,0,1,0
31.86,9,5.9,0,0,0,0
79.63,18,49.3,1,1,0,1
28.0,18,23.3,1,0,1,0
3.34,11,26.7,0,2,0,0
35.72,22,7.9,0,0,0,0
115.3,11,24.2,0,0,0,0
98.54,8,20.8,0,1,0,0
104.42,19,3.9,0,0,0,0
42.69,3,69.3,0,0,0,1
173.35,0,8.7,0,0,1,0
182.74,15,8.0,0,1,1,0
66.47,0,9.2,0,0,1,0
319.51,12,1.9,0,0,2,0
154.93,2,19.6,1,0,2,0
187.26,11,5.5,0,1,1,0
48.72,22,32.5,0,0,1,0
0.09,8,10.0,0,0,0,0
300.79,3,12.3,1,0,0,0
259.25,1,20.8,0,0,0,0
19.72,21,28.7,0,1,0,0
70.29,21,5.3,0,0,2,0
162.41,8,67.8,1,0,0,0
158.38,19,19.5,1,0,1,0
295.29,23,0.1,0,0,0,0
22.67,12,10.7,1,0,0,0
84.3,13,11.5,0,1,0,0
15.34,2,33.1,1,0,1,1
74.04,17,7.3,1,0,1,0
2.28,8,8.0,0,1,1,0
342.82,14,1.5,0,0,0,0
112.31,21,6.7,0,0,0,0
284.37,23,25.2,0,0,0,0
9.27,9,20.1,0,0,0,0
38.71,16,1.7,0,0,1,0
45.04,12,2.4,0,0,0,0
73.33,0,9.5,1,2,0,1
243.58,10,27.2,0,1,0,0
73.3,4,35.8,0,1,0,0
34.35,8,0.3,0,0,0,0
10.08,6,8.0,0,0,2,0
12.42,6,11.0,1,0,0,0
214.1,1,48.4,0,0,1,0
88.26,18,13.9,0,0,0,0
194.29,19,6.3,1,0,1,0
171.99,17,9.9,0,0,0,0
21.82,9,11.5,1,0,0,0
23.13,4,22.2,0,1,0,0
211.18,15,0.8,1,0,0,0
191.63,22,9.9,0,0,0,0
71.23,4,20.8,1,0,2,1
12.09,14,6.7,0,1,0,0
1.83,21,17.9,0,0,1,0
50.98,15,8.8,1,2,0,0
1.39,3,28.4,0,0,0,0
39.22,13,1.3,1,1,0,0
81.58,23,50.0,0,0,0,0
19.42,16,3.8,0,0,0,0
16.52,16,3.5,0,0,0,0
340.14,20,36.7,1,0,1,0
132.09,15,40.7,1,1,0,0
408.75,8,2.0,0,0,1,0
63.66,1,47.9,0,0,0,0
169.58,10,6.4,0,1,0,0
34.35,14,19.3,0,0,0,0
144.48,2,1.4,0,0,0,0
20.82,23,9.6,1,0,1,0
0.31,15,12.0,1,0,1,0
402.21,20,18.3,1,0,0,0
121.42,18,14.9,0,0,1,0
392.47,21,12.4,0,0,0,0
60.93,5,64.2,1,1,1,1
59.58,13,4.1,1,0,0,0
76.79,4,3.4,0,0,0,0
183.65,4,25.0,0,0,1,0
125.14,5,1.5,0,0,0,0
389.25,17,13.2,0,0,0,0
3.87,21,13.2,0,0,0,0
184.75,17,7.4,0,1,2,0
60.15,18,53.3,0,0,0,0
29.81,1,6.6,1,1,0,0
107.12,16,6.8,0,0,1,0
105.5,0,5.3,0,0,1,0
22.1,8,3.2,1,0,0,0
33.83,12,9.1,0,0,0,0
78.68,3,22.8,1,0,0,1
78.84,4,27.1,0,0,0,0
57.31,22,33.6,1,0,0,0
24.12,17,4.4,0,0,0,0
0.66,9,0.7,0,1,0,0
527.16,3,73.5,0,0,2,1
431.03,12,0.3,1,1,0,1
99.15,12,64.7,0,0,0,0
796.31,16,35.3,0,0,0,0
167.97,7,48.6,0,1,0,0
10.7,3,9.8,0,1,0,0
18.79,22,4.4,0,0,0,0
371.74,2,18.7,0,0,1,0
149.16,10,27.0,0,0,0,0
277.9,11,2.8,0,0,0,0
342.81,8,32.0,0,1,0,0
89.12,14,4.7,1,0,0,0
7.46,12,13.5,0,1,0,0
31.29,4,38.8,0,1,0,1
10.33,4,4.3,0,0,0,0
31.37,18,5.5,0,1,1,0
79.28,10,1.3,0,0,0,0
18.87,8,3.2,0,0,0,0
27.36,2,3.2,1,0,0,0
88.54,17,4.5,1,0,1,0
62.37,12,6.7,0,1,0,0
94.57,11,33.7,0,1,2,1
84.1,8,49.5,0,0,0,0
155.13,9,10.4,0,1,2,1
415.15,12,2.7,0,1,0,0
17.12,19,5.1,1,0,0,0
15.68,19,26.7,0,0,2,0
287.4,12,22.6,1,1,0,0
105.9,21,68.4,0,0,1,0
218.12,8,0.3,1,0,1,0
36.39,23,27.8,0,0,0,0
264.79,9,14.1,0,0,0,0
386.25,18,46.6,0,0,0,0
151.38,5,17.2,1,0,0,0
16.79,6,11.8,0,0,1,0
338.49,14,21.9,0,1,1,0
235.88,21,35.9,0,0,0,0
208.47,18,6.6,0,0,1,0
5.61,13,2.3,0,0,2,0
240.64,15,11.3,0,0,0,0
22.27,13,4.8,0,1,0,0
37.73,19,11.2,1,0,0,0
129.11,1,94.3,0,1,1,1
46.18,8,17.1,1,0,0,0
162.42,2,23.7,0,0,1,0
140.5,5,22.7,0,0,2,0
17.17,4,34.4,0,0,0,0
160.07,13,57.7,0,0,0,0
386.46,14,21.5,0,0,0,0
26.35,17,12.9,0,1,0,0
136.35,16,7.6,0,0,0,0
62.75,8,8.9,1,0,1,0
92.32,18,8.1,0,0,0,0
50.74,22,7.8,1,0,2,0
65.57,8,23.7,1,0,0,0
4.4,15,17.7,0,0,0,0
598.92,5,4.5,1,0,1,0
147.04,7,69.9,0,0,0,1
104.18,2,11.2,1,1,0,0
72.61,21,16.7,0,1,0,0
116.28,4,24.3,0,0,1,1
71.73,6,19.0,0,0,0,0
66.92,22,7.5,1,1,0,0
93.53,0,32.0,1,2,2,1
48.44,21,2.3,0,2,0,0
29.78,20,16.8,0,1,0,0
121.99,3,6.4,1,3,0,1
277.5,15,19.1,0,0,0,0
24.88,13,4.9,0,0,0,0
4.99,0,29.6,0,0,0,0
42.52,3,5.2,1,0,1,0
584.72,9,44.2,0,0,1,0
264.7,10,39.5,0,0,0,0
135.9,6,9.0,0,0,0,0
397.29,3,9.7,0,0,1,0
88.39,0,24.2,1,1,0,0
613.68,0,1.9,0,0,0,0
52.71,16,1.7,0,0,0,0
41.23,9,2.9,1,0,0,0
152.44,4,16.5,0,0,0,0
71.26,6,3.2,1,0,0,0
147.67,7,6.5,0,0,0,0
54.58,1,20.8,1,0,1,1
144.32,8,0.3,0,0,0,0
48.39,3,4.0,0,0,0,0
7.85,11,53.2,1,1,0,0
364.79,10,21.8,0,0,0,0
322.1,4,7.3,0,1,0,1
530.03,11,0.9,0,0,0,0
189.1,20,17.6,0,0,0,0
172.2,3,5.0,0,1,1,0
122.81,12,64.5,0,1,0,0
20.19,21,23.2,0,0,0,0
31.47,0,73.1,1,0,0,1
51.26,17,37.8,0,0,1,0
331.3,3,13.2,0,0,1,0
28.49,3,22.1,0,0,0,0
384.35,7,33.4,0,0,0,0
110.97,19,17.3,0,0,0,0
188.59,5,1.3,0,1,0,0
17.52,3,12.7,1,2,2,1
47.01,3,2.8,0,0,1,0
477.38,10,25.1,1,0,0,0
46.42,8,22.8,1,1,0,0
52.76,13,99.0,0,1,0,1
33.02,3,19.8,1,1,0,0
20.73,12,32.2,0,1,0,0
39.84,5,6.2,0,0,0,0
154.22,12,8.3,0,0,2,0
91.15,2,49.8,1,0,0,1
121.03,22,28.1,1,0,1,0
19.58,6,21.3,0,0,1,0
243.01,0,5.9,0,0,1,0
229.94,10,24.0,0,0,0,0
3.27,1,43.6,0,0,0,0
72.56,4,5.2,0,0,0,0
10.69,23,24.5,1,1,2,0
235.61,21,10.0,0,0,1,0
200.49,13,2.5,0,0,0,0
348.4,12,28.8,0,1,0,0
40.46,15,3.7,0,1,0,0
91.4,22,5.8,0,1,0,0
30.59,14,30.6,0,1,1,1
69.6,2,27.1,1,0,1,0
110.8,5,5.9,0,0,1,0
8.22,8,56.6,0,1,0,0
188.22,2,4.8,0,1,0,0
117.56,12,101.1,0,0,0,1
264.88,12,26.8,1,0,1,0
47.57,21,10.0,0,0,1,0
350.45,6,2.8,1,1,0,0
996.15,4,7.7,1,0,0,0
377.55,7,4.3,0,0,0,0
225.69,7,19.4,1,0,1,0
250.99,21,8.8,1,0,0,0
127.91,6,7.0,0,1,0,0
31.64,18,28.3,0,1,0,1
169.53,6,5.2,1,0,1,0
187.11,22,17.7,0,1,0,0
633.86,3,4.3,0,0,0,0
116.9,9,25.1,0,0,0,0
47.49,12,19.6,0,0,0,0
172.65,3,32.0,1,1,1,0
582.19,18,1.4,0,1,1,0
29.26,9,4.7,1,0,0,0
59.18,6,3.4,0,0,0,0
117.09,4,4.2,0,2,0,0
27.99,2,2.2,0,0,1,0
3.37,21,16.5,0,0,0,0
61.64,21,18.0,0,1,1,0
300.78,21,37.1,1,0,0,1
6.67,1,10.8,0,0,0,0
84.04,10,15.2,0,0,0,0
215.45,9,94.9,0,0,0,1
459.23,22,15.2,0,1,0,0
634.79,12,17.0,1,1,0,1
82.22,6,110.0,0,0,0,1
450.52,9,102.8,0,0,1,1
5.41,3,11.0,0,0,0,0
205.51,21,20.2,0,0,0,0
154.4,19,13.1,0,0,1,0
43.06,15,25.5,0,1,2,0
106.18,19,55.7,0,2,0,0
20.81,5,7.4,1,0,1,0
307.89,8,34.2,0,0,0,0
66.45,12,21.3,0,0,2,1
147.54,6,6.6,1,0,0,0
25.93,17,31.9,1,0,2,1
34.63,13,11.1,0,0,0,0
723.43,21,2.6,0,1,0,0
209.81,4,100.5,0,1,0,1
490.41,21,11.1,0,1,0,0
52.61,12,15.6,1,0,0,0
26.97,23,33.0,0,0,0,0
104.9,7,64.8,0,0,0,0
102.38,14,41.3,1,0,0,0
28.85,18,14.9,1,1,0,0
198.2,8,15.8,1,0,0,0
67.36,5,6.6,0,0,0,0
30.94,22,12.4,0,0,0,0
60.52,13,58.7,0,0,0,0
124.4,22,26.0,1,1,0,1
194.45,9,0.2,1,0,1,0
98.64,8,2.5,1,0,0,0
111.85,16,51.5,1,1,0,1
22.44,12,37.8,0,0,0,0
369.22,16,13.3,0,0,0,0
396.18,18,19.2,0,1,0,0
172.53,12,6.8,1,0,2,0
2.67,8,31.5,0,0,1,0
115.53,0,18.5,0,1,0,0
148.82,0,23.7,0,1,0,0
784.72,4,9.4,0,0,0,0
830.75,7,11.3,1,1,0,1
292.38,17,4.7,0,0,1,0
9.89,3,59.2,1,0,1,0
459.53,21,58.6,0,0,0,0
142.27,0,34.0,0,2,0,1
242.08,14,54.8,0,2,0,1
78.43,19,21.9,1,0,0,0
57.78,3,5.3,0,0,1,0
93.33,8,28.6,0,1,0,0
23.83,21,7.9,0,1,0,0
66.26,23,11.6,0,0,1,0
292.39,19,6.4,0,0,0,0
5.8,9,11.0,0,0,0,0
24.53,23,22.7,1,1,0,0
20.05,14,2.3,1,0,0,0
77.39,2,2.2,0,0,0,0
870.72,1,23.0,0,0,0,0
28.56,21,30.2,1,0,1,0
23.58,4,16.0,1,2,0,1
369.86,23,4.0,0,2,0,0
320.62,0,11.3,0,0,1,0
4.92,10,28.4,1,0,0,0
208.97,11,23.2,1,0,1,0
159.83,2,2.3,0,0,0,0
218.99,22,69.6,0,0,0,0
102.33,15,5.1,0,0,0,0
713.04,13,5.0,0,2,0,0
6.73,11,12.3,0,1,2,0
40.06,19,7.9,0,0,0,0
75.76,15,82.7,0,0,0,0
89.62,20,1.6,0,0,0,0
381.45,7,7.3,0,0,0,0
123.15,16,9.6,0,0,1,0
6.92,16,13.6,0,0,2,0
78.6,6,0.3,0,0,0,0
80.8,14,1.7,0,0,0,0
504.98,8,6.0,0,1,0,0
137.14,3,16.1,0,0,0,0
151.45,7,29.2,0,1,0,0
187.37,9,23.2,0,0,0,0
220.48,14,16.7,0,2,1,1
151.2,22,10.1,1,0,0,0
40.61,17,40.9,0,0,0,0
310.78,13,12.3,1,0,0,1
197.58,4,7.1,0,0,1,0
203.14,8,19.8,1,0,0,0
850.7,12,23.6,0,1,0,1
243.32,18,10.2,0,0,0,0
265.05,10,0.6,0,0,0,0
453.64,11,2.0,1,1,0,0
24.58,2,37.4,0,0,2,0
103.29,1,1.2,1,0,1,0
130.33,22,17.9,0,0,0,0
59.91,21,4.1,0,1,1,0
274.33,14,5.2,1,1,0,0
215.59,4,6.4,1,0,1,0
191.42,6,0.8,0,0,0,0
879.04,3,3.9,0,1,0,1
45.04,4,21.0,0,0,0,0
199.46,15,13.8,0,2,0,0
120.25,14,31.9,0,0,0,0
56.31,15,1.3,0,2,0,0
26.26,3,43.9,0,1,0,0
339.34,5,112.5,1,0,0,1
135.75,17,0.3,0,0,1,0
261.39,2,68.6,0,1,0,1
118.23,21,5.4,0,0,0,0
37.26,23,23.6,1,0,0,0
61.77,4,6.9,0,0,0,0
72.08,1,14.8,0,1,0,0
541.43,22,14.3,1,0,1,0
0.85,15,9.0,0,1,0,0
636.77,5,25.3,0,1,1,1
590.31,14,18.3,1,0,1,1
833.98,17,14.2,0,0,0,0
97.11,5,81.3,1,0,0,0
497.84,12,56.3,1,0,0,0
75.53,23,62.2,0,0,1,0
4.0,12,42.6,0,1,0,0
38.11,0,5.9,0,0,0,0
435.87,15,8.6,1,0,0,0
2.08,3,5.3,0,0,2,0
118.45,16,85.6,0,0,0,1
11.79,17,3.3,0,1,0,0
50.61,15,9.1,1,0,0,0
13.83,0,4.4,0,0,1,0
294.41,5,5.1,0,0,0,0
134.13,10,5.7,0,0,2,0
348.58,5,20.4,1,0,1,1
174.88,16,1.6,0,0,0,0
531.22,3,17.0,1,0,0,0
106.97,13,34.2,0,0,0,0
152.71,13,29.1,0,0,2,0
128.81,19,3.3,1,1,2,1
99.32,7,49.2,0,0,0,0
280.58,21,29.4,1,0,0,0
155.15,1,0.1,0,0,1,0
242.4,4,26.7,1,0,0,0
231.52,3,26.7,0,0,1,0
31.8,9,13.7,0,0,0,0
157.54,19,0.9,1,0,1,0
33.41,23,17.3,1,0,0,0
131.32,20,29.0,0,0,0,0
169.72,2,6.3,1,1,0,1
883.61,15,22.0,0,0,0,1
4.65,9,8.7,1,0,0,0
14.35,14,17.1,0,0,1,0
12.02,3,9.7,0,1,0,0
76.21,0,7.2,0,1,0,0
258.55,21,38.7,1,0,0,0
278.74,14,28.0,0,0,2,0
200.33,9,8.5,1,1,0,1
340.78,19,11.4,1,0,0,0
58.48,21,23.5,0,0,0,0
13.84,17,33.3,0,0,0,0
8.99,15,23.1,0,1,0,0
286.72,20,15.6,0,0,2,0
196.64,8,61.8,0,0,0,0
179.91,23,29.8,1,0,0,0
62.25,18,2.5,0,0,1,0
71.68,16,16.3,1,0,0,0
475.92,9,10.5,0,0,1,0
9.89,18,31.7,0,0,1,0
222.91,7,0.9,0,0,1,0
55.58,18,10.6,1,0,0,0
5.98,4,7.7,0,0,0,0
203.55,1,3.0,1,0,0,0
60.28,14,9.5,0,0,0,0
192.1,16,22.3,1,0,0,0
184.47,9,9.0,1,1,1,0
114.79,20,17.4,1,0,0,0
225.34,20,18.0,0,0,0,0
130.5,21,17.7,0,0,0,0
50.66,1,15.1,1,0,0,0
198.7,8,2.5,0,1,0,1
133.43,1,4.9,0,0,1,0
1.92,17,32.2,1,0,0,0
347.87,11,14.0,0,0,1,0
118.33,14,24.5,0,0,0,0
304.46,20,16.9,0,0,2,0
321.5,19,0.8,0,0,0,0
88.31,5,31.8,1,1,0,1
106.29,17,1.3,1,0,0,0
80.62,12,57.4,0,0,2,0
89.52,3,4.9,1,0,1,0
338.28,11,14.4,0,0,0,0
232.78,8,1.3,0,0,0,0
20.29,1,45.1,0,0,0,1
141.36,15,78.2,1,1,0,0
824.76,0,3.2,1,0,0,1
135.78,3,7.0,0,1,0,0
231.18,14,0.3,0,0,0,0
219.84,19,30.9,0,0,0,0
64.69,0,7.5,1,0,2,0
69.75,19,17.8,0,0,0,0
193.14,14,0.8,0,1,0,0
103.97,2,25.1,0,1,2,1
126.79,12,15.1,0,1,0,0
187.19,17,25.8,0,0,0,0
225.47,12,31.2,0,0,1,0
47.52,9,1.9,0,1,0,0
23.81,19,17.3,1,0,0,0
51.75,23,21.0,0,0,0,0
106.25,6,14.5,0,2,0,0
62.81,7,4.0,0,0,0,0
126.03,0,31.8,0,0,0,1
8.24,17,119.5,0,0,0,1
106.93,11,69.7,0,1,0,0
68.83,17,30.1,0,0,2,0
114.75,23,10.8,1,1,2,0
82.37,11,8.2,0,1,1,0
50.16,19,1.4,1,1,2,0
351.68,8,10.8,0,0,0,0
30.64,1,3.4,0,0,1,0
171.56,13,5.9,0,0,0,0
387.83,3,44.5,0,0,1,0
116.05,14,69.2,1,0,0,0
313.62,16,59.3,0,0,1,1
20.0,18,4.3,0,0,0,0
102.12,5,46.2,0,0,0,0
91.6,8,3.1,1,1,1,0
1.22,16,14.2,0,1,1,0
87.85,14,20.6,0,1,0,0
69.07,4,12.4,0,0,0,0
166.21,17,60.7,1,0,0,0
417.89,22,8.1,0,0,0,0
13.45,3,15.0,0,0,0,0
59.51,20,1.6,0,0,1,0
88.07,23,38.2,0,0,0,0
91.1,1,10.7,1,0,2,0
223.62,18,24.1,0,0,0,0
87.89,4,22.9,0,0,0,0
4.13,3,22.6,1,0,0,0
185.74,4,14.1,0,0,0,0
324.2,18,6.5,0,1,0,0
108.2,12,19.6,0,1,1,0
130.52,15,65.3,1,1,0,0
26.68,11,35.9,0,0,0,0
37.39,8,2.3,0,0,0,0
40.22,23,0.5,1,0,0,0
84.51,15,13.8,0,0,0,0
394.97,13,29.9,1,1,1,1
110.65,21,7.5,1,0,0,1
32.0,0,24.2,0,2,0,1
46.4,19,53.7,1,1,0,0
72.68,22,12.3,0,0,1,0
146.43,20,5.6,1,0,1,0
86.98,3,50.0,1,1,2,1
74.75,8,12.8,0,0,0,0
124.77,23,10.5,0,0,2,0
41.53,18,8.7,0,0,1,0
12.33,13,11.0,0,0,1,0
3.71,21,22.4,0,0,0,0
43.4,11,11.4,1,0,1,0
14.41,3,7.8,0,0,0,0
61.5,6,27.2,0,0,0,0
222.38,16,4.5,1,2,0,0
188.97,0,4.5,0,0,1,0
141.6,13,23.8,1,1,2,1
287.09,14,40.3,0,0,1,0
49.71,11,5.5,0,0,0,0
324.49,11,4.2,0,0,0,0
76.43,5,22.2,1,0,0,0
76.85,12,19.4,0,0,0,0
77.97,15,11.9,0,0,0,0
15.49,13,2.0,0,0,1,0
556.3,6,1.9,1,1,0,0
22.36,15,30.0,0,0,1,0
62.53,22,12.0,0,0,1,0
57.7,8,39.0,0,0,0,0
11.64,13,17.1,0,0,2,0
24.78,23,19.3,0,0,0,0
6.88,6,54.4,0,0,0,0
51.88,11,3.6,0,0,0,0
302.22,2,15.7,0,0,2,0
62.2,13,1.2,0,2,2,0
19.81,18,8.9,0,1,0,0
155.64,10,3.2,0,1,0,0
852.64,4,4.2,0,0,0,0
39.66,22,54.6,0,0,0,0
49.19,12,18.9,1,1,0,0
535.52,9,44.5,0,0,0,0
29.54,6,11.7,0,1,1,0
107.37,16,18.2,0,0,1,0
41.1,15,0.7,0,0,0,0
404.02,7,12.7,0,3,0,1
598.67,16,16.6,0,0,1,1
252.87,12,0.3,0,0,0,0
56.7,10,31.2,1,0,0,0
77.5,19,7.0,1,0,0,0
41.62,17,12.0,0,0,1,0
332.13,4,15.3,0,2,0,1
368.99,5,97.1,0,0,0,1
81.42,19,2.1,0,0,0,0
160.3,13,16.2,0,0,0,0
27.15,11,15.1,0,0,0,0
85.62,3,1.4,0,0,0,0
149.75,6,20.1,1,1,0,0
73.02,10,6.8,0,0,0,0
66.38,19,2.2,0,1,0,0
0.15,1,3.9,0,0,1,0
244.67,3,34.7,0,1,0,1
330.19,6,2.2,0,1,1,1
523.33,0,12.6,0,0,0,0
190.56,14,4.3,0,1,0,0
119.37,19,3.5,0,0,0,0
47.06,21,4.6,0,0,0,0
1089.55,23,13.6,0,0,0,0
133.65,7,5.4,0,0,0,0
171.46,4,2.0,0,2,0,0
172.05,13,32.3,0,1,0,1
279.89,17,15.5,0,0,1,0
1.46,2,3.4,0,0,0,0
37.32,1,12.8,0,0,0,0
164.28,21,1.4,1,0,0,0
338.28,15,17.4,0,0,0,0
173.44,13,8.3,1,0,1,0
80.04,15,2.2,0,1,0,0
67.31,10,4.1,1,1,0,0
200.88,16,8.5,0,0,1,0
202.78,2,32.8,1,0,0,1
140.11,22,3.8,1,1,0,0
51.68,22,2.3,0,0,1,0
388.85,4,14.5,0,0,0,0
120.4,2,16.4,0,0,0,0
234.45,14,1.9,0,0,0,0
36.18,22,6.7,1,0,1,0
63.25,4,6.1,0,1,1,0
311.41,21,4.1,1,0,0,0
7.71,2,7.6,0,1,0,0
107.71,5,0.8,0,1,0,1
98.58,22,21.1,1,1,0,0
208.68,13,89.3,0,0,0,0
49.67,23,20.1,0,0,0,0
37.09,1,9.0,0,0,1,0
390.82,17,22.0,1,0,0,0
127.19,5,17.0,0,1,0,0
16.59,23,37.5,1,1,1,0
32.17,4,19.5,0,1,0,0
1012.11,13,20.1,0,0,0,0
32.65,16,5.0,0,0,0,0
141.42,10,10.7,0,1,0,0
81.74,0,8.4,0,0,0,0
325.21,9,0.2,0,0,0,0
211.08,8,7.5,0,0,0,0
136.3,19,13.3,0,1,0,0
1.62,11,18.3,0,0,1,0
317.78,0,54.5,0,0,0,0
88.23,23,5.5,0,0,0,0
402.31,17,3.3,0,0,0,0
102.64,11,40.7,0,0,0,0
177.74,1,56.9,1,1,2,1
10.77,0,13.4,0,0,2,0
205.06,0,2.4,1,1,0,0
61.87,0,13.3,0,1,0,0
64.93,21,2.3,0,0,0,0
18.95,11,42.9,0,0,2,0
23.82,6,24.6,0,0,0,0
30.82,3,5.5,0,1,0,0
59.67,20,43.6,0,2,0,0
333.8,19,20.3,1,1,0,0
68.89,3,61.3,0,0,0,0
193.3,14,78.7,0,0,0,1
12.96,0,0.1,0,0,0,0
134.14,5,2.6,0,4,0,1
98.64,13,15.8,0,0,0,0
572.22,13,62.4,0,0,0,0
280.82,9,103.1,0,1,1,1
91.0,6,16.8,0,2,1,0
223.84,22,3.8,0,0,1,0
32.17,23,3.6,0,0,0,0
123.95,22,28.9,0,1,1,0
11.63,21,17.9,0,0,0,0
64.18,11,15.9,0,1,0,0
38.4,23,12.5,0,0,0,0
190.36,18,25.8,1,0,0,0
101.03,8,39.0,0,0,0,0
208.59,2,7.2,0,0,0,0
108.63,3,5.0,1,2,0,0
13.57,12,22.2,0,1,0,0
199.41,9,49.2,0,1,0,0
268.67,13,8.6,0,0,0,0
350.78,5,6.4,1,0,1,0
127.29,7,5.1,0,1,0,0
210.11,18,5.9,0,0,0,0
209.18,9,2.9,0,0,2,0
25.4,21,18.2,0,0,0,0
26.91,4,6.6,0,0,1,0
11.03,4,19.1,0,0,0,0
57.83,4,1.7,1,0,0,0
96.23,8,2.5,1,0,0,0
924.72,22,15.4,0,0,1,0
84.58,8,14.3,0,0,0,0
194.33,14,6.3,0,0,0,0
177.33,8,35.1,0,0,0,0
34.31,13,4.1,0,0,0,0
9.04,5,8.9,0,0,1,0
118.45,21,16.2,0,0,0,0
180.75,19,40.4,0,0,0,0
952.37,7,10.8,1,0,0,0
66.62,1,10.2,0,0,0,0
340.03,4,17.3,1,0,1,1
72.17,16,7.6,1,0,0,0
175.39,9,24.7,0,0,0,0
136.79,13,5.7,0,0,2,0
8.17,17,34.7,0,0,0,0
12.24,0,6.4,1,0,1,0
3.15,21,98.4,0,1,1,1
69.5,1,7.6,1,0,0,0
205.45,3,42.2,0,0,1,1
28.45,12,10.1,0,0,0,0
139.65,15,5.6,1,0,1,0
51.13,4,5.1,0,0,0,0
239.18,22,38.0,1,0,1,1
240.22,9,7.4,0,1,0,0
224.02,16,8.3,0,0,1,0
111.61,10,4.4,0,0,1,0
50.23,4,65.1,1,0,0,0
248.67,14,5.6,1,0,0,0
30.89,3,5.7,1,0,1,0
51.32,6,57.6,0,0,0,0
30.49,9,46.2,0,0,0,0
168.23,22,5.7,0,0,0,0
173.87,23,40.0,0,0,0,0
158.55,3,5.7,1,2,0,0
80.58,19,1.8,1,0,0,0
15.83,4,34.3,0,0,0,0
363.15,4,29.5,0,0,0,0
106.31,10,7.0,1,0,0,0
78.38,18,1.9,1,0,0,0
133.31,4,4.6,0,0,0,0
32.13,20,29.5,1,0,0,0
21.33,7,66.9,0,0,0,1
78.01,6,6.0,0,0,2,0
38.66,7,34.1,0,0,0,0
42.01,12,5.2,0,0,0,0
334.56,4,22.8,0,0,0,0
113.5,17,1.7,0,0,1,0
99.09,23,17.6,1,0,0,0
175.43,8,6.3,0,0,2,0
454.08,1,52.0,0,1,0,1
17.85,15,6.8,0,0,0,0
268.95,13,10.2,0,0,2,0
131.57,16,36.7,0,1,0,0
23.7,5,11.5,0,0,2,0
52.89,2,5.4,1,0,2,0
98.77,16,15.9,0,1,2,0
176.25,12,36.7,0,0,1,0
41.68,5,11.4,0,0,0,0
114.82,7,2.9,0,0,0,0
173.12,5,9.7,0,0,0,0
89.33,15,61.8,0,0,2,0
298.19,5,1.5,0,1,0,0
305.41,16,10.5,0,0,0,0
95.43,20,20.9,1,0,1,0
541.38,2,1.6,0,0,0,0
11.79,22,8.5,0,0,0,0
0.51,11,56.5,0,0,2,0
71.87,5,0.6,0,0,0,0
137.86,20,27.9,0,0,0,0
148.81,6,36.8,0,2,0,0
97.07,10,6.5,0,0,0,0
20.01,8,4.8,0,1,0,0
28.04,15,49.3,0,0,0,0
286.73,4,28.9,0,0,0,0
303.64,14,2.4,0,0,0,0
168.08,20,4.8,0,2,0,0
163.69,3,19.4,0,0,0,1
136.58,4,10.9,0,0,0,0
34.02,6,14.0,1,0,0,0
83.86,2,60.5,1,0,0,0
178.56,3,10.9,1,1,0,0
115.59,14,42.7,0,0,1,0
2.81,1,21.6,0,0,1,0
460.43,23,2.6,0,1,0,1
279.47,4,27.3,0,0,1,0
45.28,6,14.7,0,0,0,0
143.75,21,5.1,0,0,1,0
385.06,16,6.8,0,0,0,0
15.14,7,16.3,0,1,2,1
104.88,8,18.4,0,0,0,0
91.39,9,69.0,0,1,0,1
79.2,10,38.6,1,0,0,1
270.81,0,4.6,0,0,0,0
71.86,14,29.7,0,1,1,0
9.87,7,0.2,1,0,0,0
10.22,18,2.8,0,0,0,0
6.55,11,4.5,1,0,0,0
78.93,5,18.2,0,1,0,0
190.09,9,4.3,0,0,0,0
34.17,23,9.1,1,0,1,0
155.97,4,5.6,0,2,2,0
174.28,23,8.2,0,0,0,0
44.2,6,57.1,0,0,1,0
137.65,6,118.9,0,1,2,1
173.21,22,23.1,1,1,0,0
94.28,21,17.0,0,0,2,0
61.58,21,24.7,0,0,0,0
144.8,8,29.5,1,0,1,0
571.47,14,26.9,0,0,0,0
83.49,5,1.7,1,0,1,0
74.57,15,7.4,0,0,1,0
93.62,6,8.4,0,1,0,1
11.89,14,9.2,0,0,0,0
120.83,22,8.4,1,0,1,0
59.78,1,30.9,0,1,1,1
19.42,7,27.5,0,1,0,0
94.18,11,0.1,0,0,1,0
0.51,10,7.0,0,0,0,0
77.07,5,19.5,0,1,1,0
16.76,19,2.6,0,0,0,0
3.69,12,1.5,0,0,0,0
261.0,22,35.3,0,0,0,0
371.99,15,12.1,0,1,0,0
34.92,7,38.7,0,0,1,0
116.25,16,34.7,1,0,0,0
48.85,12,44.8,0,0,1,0
102.06,3,1.0,1,0,2,0
86.07,19,4.1,0,0,1,0
47.01,9,7.0,1,0,0,0
180.79,21,2.9,0,0,0,0
20.29,19,13.3,1,1,0,0
8.18,15,32.1,0,0,0,0
218.94,16,60.4,1,0,1,0
164.46,7,44.1,0,0,0,0
103.53,10,12.2,0,0,2,0
94.61,4,20.2,0,0,0,0
103.2,20,5.2,1,2,0,0
86.18,15,10.3,0,0,0,0
74.86,23,41.0,0,0,1,0
103.88,7,0.6,0,1,0,0
112.78,20,15.2,1,0,0,0
176.6,15,41.2,0,0,0,0
186.31,3,2.6,0,0,2,0
71.13,5,81.0,0,0,0,0
80.05,20,0.2,0,1,0,0
70.19,7,43.5,0,0,0,0
115.35,8,8.7,0,0,1,0
90.59,12,2.8,1,0,0,0
330.54,16,3.4,1,0,2,0
178.79,8,24.2,0,0,0,0
343.39,12,40.9,0,0,0,0
185.24,8,20.5,0,0,0,0
531.03,5,52.8,0,0,0,0
151.48,9,37.0,0,0,0,0
496.77,4,0.2,0,0,2,0
25.83,6,22.1,1,0,0,0
8.09,10,7.3,0,0,0,0
129.81,23,12.1,0,0,0,0
615.6,8,2.0,0,0,0,0
