distance_km,weight_kg,carrier,weather_issue,peak_season,warehouse_load,delayed
1576,14.34,B,0,0,0.57,1
1936,7.53,B,1,1,0.79,1
1503,2.13,A,0,0,0.72,0
1422,6.82,A,0,1,0.68,1
1454,2.25,B,1,0,0.71,1
1546,1.09,C,0,0,0.76,0
1743,6.82,C,0,1,0.98,1
566,1.49,A,0,0,0.83,0
1592,1.09,B,0,0,0.42,0
973,4.51,A,1,0,0.63,1
1767,5.35,B,0,1,0.77,1
1831,0.76,C,0,1,0.42,1
1114,0.52,B,0,1,0.95,1
453,11.19,A,1,0,0.35,1
801,1.11,B,0,0,0.73,1
1320,4.88,C,0,1,0.98,1
1317,15.85,A,1,0,0.81,1
1974,4.09,A,0,0,0.77,0
500,1.25,A,0,0,1.0,0
1421,3.0,A,0,1,0.85,1
1734,5.39,A,0,0,0.98,1
1584,7.7,A,0,0,0.79,0
604,5.17,A,0,1,0.77,0
417,0.67,A,0,0,0.83,0
336,1.27,B,0,0,0.43,0
951,2.82,A,0,1,0.86,1
958,6.62,C,0,0,0.98,1
1209,4.89,A,0,0,0.73,1
1554,0.73,B,0,0,0.31,0
1823,8.47,A,1,0,0.35,1
392,5.15,A,0,0,0.46,0
1023,11.41,B,0,0,0.64,1
1291,3.2,B,0,0,0.59,1
356,3.87,B,0,0,0.99,1
281,3.1,B,1,1,0.96,1
1294,6.91,B,0,1,0.57,1
405,7.47,A,0,1,0.86,1
1725,6.92,B,1,0,0.75,1
163,2.22,A,0,0,0.47,0
1560,5.55,A,0,1,0.95,1
1100,2.57,A,0,0,0.48,1
850,9.48,A,0,1,0.91,1
1732,0.78,A,0,0,0.75,0
357,0.69,A,0,0,0.73,1
1968,1.04,B,0,0,0.89,1
1096,1.63,A,0,0,0.65,0
365,0.69,C,0,0,0.9,1
1314,0.87,A,0,0,0.69,1
1074,2.33,A,0,0,0.99,0
1573,1.03,B,0,1,0.76,1
376,8.6,C,0,0,0.56,1
1024,0.78,B,0,1,0.83,0
286,12.43,B,0,0,0.66,0
230,10.73,C,0,0,0.86,1
1762,1.67,B,0,1,0.88,1
1767,0.87,B,0,1,0.73,1
70,1.06,C,0,0,0.91,1
1136,4.59,A,1,0,0.58,1
1218,5.09,C,0,0,0.34,1
1940,2.4,A,0,0,0.76,1
1180,2.26,C,0,1,0.84,1
84,4.29,A,0,0,0.35,0
482,2.32,A,0,0,0.84,0
1034,14.11,C,1,0,0.75,1
425,2.91,A,0,0,0.38,0
1502,1.74,B,0,0,0.68,1
1398,1.29,A,0,0,0.38,1
1878,5.49,A,0,0,0.53,1
1707,2.48,C,1,0,0.86,1
26,1.55,A,0,1,0.37,1
1543,2.11,B,0,0,0.62,1
1788,2.34,A,0,1,0.72,1
1472,5.42,C,0,0,0.96,1
1912,1.46,B,0,0,0.82,0
1564,7.1,B,0,1,0.4,1
1875,2.32,C,0,0,0.98,1
1971,3.85,A,0,1,0.63,0
1092,5.82,B,0,1,0.56,1
1746,4.42,B,0,0,0.39,1
1148,5.93,A,1,1,0.95,1
212,2.45,B,0,0,0.71,0
1839,17.05,B,0,0,0.99,1
1576,3.57,B,1,1,0.42,1
1227,2.44,A,0,0,0.68,0
481,2.26,A,0,1,0.38,0
1139,0.72,A,1,0,0.67,0
888,6.27,A,1,0,0.92,1
974,2.02,A,0,0,0.38,1
827,16.46,B,0,0,0.49,1
1159,1.68,A,0,0,0.78,0
423,4.27,C,0,0,0.35,0
1648,7.15,B,0,0,0.62,0
1708,10.71,A,0,1,0.53,1
1543,1.35,A,0,0,0.89,0
510,21.63,B,0,0,0.33,0
1860,12.36,C,0,0,0.9,1
130,16.96,B,0,0,0.79,0
1785,10.08,B,0,0,0.51,1
1946,11.01,A,0,0,0.44,1
616,5.07,A,0,0,0.97,1
1995,9.83,B,0,0,0.69,1
1241,4.32,A,0,0,0.54,0
1694,4.36,A,0,1,0.33,1
359,4.63,A,0,1,0.42,1
829,28.52,B,0,0,0.72,1
1226,1.05,B,0,0,0.66,0
663,8.69,B,0,0,0.83,1
793,2.1,A,0,1,0.88,1
1856,2.74,B,0,1,0.58,1
1426,0.92,C,0,0,0.37,1
506,2.67,B,0,0,0.85,1
401,23.92,B,0,1,0.69,1
1746,3.03,A,0,0,0.99,1
1707,6.04,B,0,1,0.86,1
1142,1.14,A,0,0,0.53,0
938,13.29,A,0,1,0.6,1
479,9.29,A,0,1,0.46,1
359,2.94,A,0,0,0.66,0
784,2.64,B,0,0,0.8,0
1755,3.33,C,0,1,0.73,1
158,3.06,B,0,1,0.54,1
265,1.99,A,0,0,0.88,0
1422,23.97,B,1,0,0.37,1
1232,8.82,B,0,1,0.4,1
1941,2.06,B,0,0,0.58,0
1476,20.51,A,0,0,0.79,1
1882,0.58,A,0,1,0.79,1
1219,3.38,B,0,0,0.56,0
353,4.71,B,0,1,0.79,1
686,0.69,C,0,1,0.34,0
117,1.38,A,0,1,0.5,0
604,1.99,B,0,0,0.79,0
1846,6.87,A,0,1,0.43,1
1113,14.55,A,0,0,0.45,0
1286,5.4,B,0,0,0.36,0
34,4.64,C,0,0,0.56,0
292,4.35,B,0,0,0.88,0
1596,2.66,A,0,0,0.89,1
896,9.29,A,0,1,0.9,1
947,4.39,A,0,1,0.33,0
629,1.81,A,0,1,1.0,1
247,1.24,B,0,1,0.65,0
947,21.67,B,0,0,0.91,1
325,0.59,B,0,0,0.93,1
849,14.05,B,0,0,0.66,1
472,1.73,B,0,0,0.34,1
1731,5.86,B,0,0,0.72,1
601,2.29,A,0,0,0.53,0
849,10.32,A,0,0,0.44,0
1005,4.42,A,0,0,0.43,0
1641,1.26,C,0,0,0.69,1
1415,2.07,C,0,0,0.37,1
1498,2.43,B,0,0,0.88,1
159,11.35,B,0,0,0.46,1
361,7.78,B,0,0,0.68,1
451,9.35,A,0,0,0.39,0
404,0.77,A,0,0,0.9,0
1398,4.82,A,0,0,0.78,0
15,36.01,C,0,0,0.44,1
543,8.19,A,0,0,0.8,1
229,1.14,B,0,0,0.36,0
880,6.18,C,0,0,0.84,1
21,7.34,A,0,0,0.64,0
804,4.11,B,1,1,0.38,1
1418,0.91,C,0,0,0.69,0
713,0.68,B,0,0,0.44,0
467,14.39,B,0,0,0.77,1
234,1.99,A,0,1,0.8,0
345,2.88,B,1,1,0.83,1
176,8.43,A,0,0,0.93,1
1349,6.34,A,0,1,0.76,0
1149,17.8,B,0,0,0.64,0
1871,0.99,A,1,1,0.9,1
1983,6.64,C,0,0,0.93,1
1954,0.93,A,0,0,0.85,0
507,0.5,B,1,0,0.96,1
157,1.14,A,1,1,0.99,1
45,5.3,C,0,1,0.48,1
1440,6.14,A,0,0,0.43,0
1418,3.38,A,0,0,0.61,1
1790,0.74,B,0,0,1.0,1
999,5.53,C,0,1,0.36,1
1444,0.95,C,0,0,0.8,1
317,1.26,A,0,0,0.9,0
651,4.09,B,0,0,1.0,1
249,2.58,B,0,0,0.73,0
926,3.63,B,0,0,0.57,1
914,5.54,A,0,0,0.42,1
1400,1.37,A,1,0,0.99,1
865,11.68,C,0,0,0.95,1
313,4.6,C,0,0,0.86,1
626,0.61,B,0,1,0.96,1
1200,5.45,B,1,0,0.34,1
563,3.61,B,0,1,0.74,1
775,6.55,A,0,0,0.49,0
1895,8.16,B,0,0,0.84,1
1334,14.47,B,0,1,0.37,1
907,32.52,A,1,0,0.48,1
981,4.49,C,0,0,0.9,1
1238,4.62,C,0,0,0.82,0
204,0.61,C,0,1,0.99,1
1204,10.52,A,0,0,0.75,1
1795,0.65,B,0,0,0.51,1
1649,5.51,C,0,0,0.68,1
1908,1.02,A,0,1,0.96,1
1435,2.18,B,0,0,0.76,0
1072,1.26,C,0,0,0.92,1
1781,1.24,B,0,0,0.32,1
655,0.89,C,0,1,0.56,1
261,2.41,B,0,0,0.95,1
1715,3.26,A,0,0,0.33,0
1981,3.62,A,0,0,0.66,0
1316,3.4,B,0,0,0.54,0
216,4.21,A,0,1,0.75,1
509,10.32,B,0,1,0.41,1
1176,5.5,A,0,0,0.76,0
28,0.59,C,0,0,0.99,1
1735,1.45,A,0,1,0.49,1
1609,2.65,B,0,0,0.62,0
1775,15.38,B,0,0,0.32,1
828,0.91,C,0,0,0.6,1
696,6.69,A,0,0,0.58,0
1858,0.67,C,0,0,0.7,1
29,2.75,A,0,0,0.48,0
1821,7.85,A,0,1,0.53,1
1883,2.61,B,0,1,0.73,1
457,3.31,B,0,0,0.94,1
1259,12.29,B,0,1,0.46,1
1776,0.84,B,1,1,0.77,1
1134,4.25,A,0,0,0.67,0
748,2.78,A,0,0,0.37,0
303,17.1,A,0,0,0.7,0
1583,8.39,C,0,0,0.8,1
74,1.15,B,0,0,0.72,0
508,13.61,A,0,0,0.37,0
85,1.69,A,0,0,0.9,0
910,0.94,A,0,0,0.33,0
1737,4.4,C,1,0,0.47,1
644,7.17,A,0,1,0.73,1
1158,6.79,B,0,0,0.45,0
36,4.32,A,0,0,0.37,0
1648,3.89,B,0,1,0.66,1
1309,17.96,A,1,0,0.81,1
1605,9.09,A,0,1,0.59,1
689,6.5,B,1,0,0.79,1
92,1.59,B,0,0,0.9,1
495,9.07,B,0,1,0.97,1
1496,7.43,A,0,0,0.46,0
15,24.66,B,0,1,0.72,1
978,1.21,A,0,0,0.49,0
1709,6.78,B,1,0,0.91,1
377,19.84,A,0,0,0.92,1
480,3.6,A,0,1,0.53,0
1747,7.11,A,1,1,0.75,1
1482,19.02,A,0,0,0.92,1
1940,4.46,A,1,0,0.66,1
698,6.5,B,0,1,0.8,1
379,0.6,A,0,0,0.86,1
1373,4.17,A,0,1,0.91,1
1701,1.98,A,0,0,0.66,1
287,1.2,A,0,0,0.96,1
349,6.67,A,0,0,0.74,0
824,0.7,A,0,1,0.41,1
623,12.26,A,0,1,0.73,0
1113,4.15,C,1,1,0.51,1
1739,5.72,B,0,0,0.56,1
802,1.96,B,1,1,0.87,1
612,1.51,B,0,1,0.98,1
76,1.9,C,0,0,0.91,1
224,1.82,A,0,1,0.53,0
425,10.49,A,1,0,0.62,1
1178,8.24,C,0,0,0.99,1
561,10.08,B,0,0,0.95,1
1757,7.14,B,0,0,0.98,1
1319,5.66,B,0,0,0.6,0
580,4.25,B,0,0,0.86,1
549,2.04,B,1,0,0.91,1
1080,6.61,B,1,1,0.33,1
1270,1.23,A,0,0,0.49,0
126,4.08,B,0,0,0.92,1
160,1.59,C,0,0,0.57,0
1116,4.01,B,0,0,0.5,0
1090,2.24,A,0,0,0.49,0
1762,0.77,B,0,0,0.56,1
993,4.0,A,0,0,0.47,1
1418,1.5,C,0,0,0.3,1
1253,1.38,B,1,0,0.42,1
1318,2.93,A,0,0,0.92,1
1013,2.75,B,0,0,0.35,0
1787,10.59,B,0,1,0.59,1
443,4.66,A,1,0,0.62,1
329,10.14,A,0,1,0.84,0
1644,1.29,A,0,0,0.48,0
251,2.71,C,0,1,0.52,1
474,4.55,A,0,1,0.31,1
212,1.33,B,0,0,0.93,1
558,1.19,A,1,0,0.78,1
767,5.91,A,0,0,0.48,1
1478,5.8,A,0,0,0.92,0
1673,1.83,A,0,0,0.36,1
1168,1.79,C,0,1,0.56,1
867,7.34,C,1,1,0.69,1
1888,1.12,A,0,0,0.65,0
1609,13.34,A,1,0,0.76,1
795,14.89,C,0,0,0.51,1
550,10.74,A,0,0,0.83,1
496,1.68,A,0,1,0.58,0
1915,0.58,A,1,0,0.39,1
1771,14.3,B,0,1,0.82,1
581,2.61,A,0,0,0.94,1
1519,2.36,B,0,0,0.56,1
1599,2.02,B,0,0,0.71,0
849,1.9,A,1,0,0.78,1
670,7.13,A,0,1,0.88,1
414,12.42,C,0,0,0.44,1
1603,8.21,C,0,0,0.7,1
1466,6.11,B,1,0,0.82,1
1581,2.2,A,0,0,0.44,0
666,4.46,A,1,0,0.63,1
1283,1.85,B,1,1,0.63,1
1113,1.09,A,0,0,0.89,0
958,1.14,C,0,0,0.84,1
24,5.13,A,0,1,0.46,1
984,0.7,B,0,0,0.46,0
1073,18.61,A,0,0,0.81,1
1114,27.48,B,0,0,0.82,1
1543,1.31,B,0,0,0.43,0
316,3.29,A,0,0,0.59,0
714,7.81,A,0,1,0.88,1
406,16.01,B,0,0,0.36,0
687,11.6,C,0,1,0.56,1
979,1.97,B,0,0,0.75,0
874,0.95,A,0,1,0.84,1
1955,2.2,C,0,1,0.76,1
1237,3.37,A,0,0,0.58,1
220,2.73,A,0,0,0.99,0
408,7.93,A,1,1,0.33,1
1406,1.99,A,0,0,0.65,1
1422,10.28,A,1,0,0.66,1
267,1.78,B,0,0,0.47,0
124,2.74,A,0,1,0.69,0
343,3.47,A,0,0,0.45,0
358,2.22,A,0,0,0.61,0
242,7.77,B,0,1,0.6,0
1542,3.13,A,0,0,0.84,1
458,11.4,A,1,0,0.96,1
1110,17.06,A,1,0,0.44,1
837,10.32,A,0,1,0.99,1
617,4.2,A,0,0,0.96,1
107,4.06,A,0,1,0.38,0
577,1.72,A,0,1,0.94,1
1663,4.99,A,0,0,0.7,0
471,15.76,A,0,0,0.92,1
509,0.92,B,1,1,0.96,1
640,7.48,B,0,0,0.9,1
1071,10.68,B,1,0,0.58,1
1730,22.1,C,1,0,0.75,1
1391,2.54,C,0,1,0.63,1
1275,2.7,A,0,0,0.56,1
1084,1.81,A,0,0,0.48,0
1458,8.28,C,0,0,0.61,1
136,1.25,A,0,0,0.86,1
1136,2.06,B,0,0,0.89,1
1999,2.25,C,0,0,0.97,1
486,2.85,B,0,0,0.5,0
1262,3.24,A,0,0,0.76,1
732,4.59,B,1,0,0.79,1
445,15.32,A,0,0,0.43,1
1418,1.92,C,0,1,0.56,1
94,8.05,A,0,0,0.54,0
1392,6.14,A,0,0,0.99,1
795,1.12,B,0,0,0.97,1
36,8.81,A,0,1,0.88,1
869,0.97,A,0,1,0.63,1
81,7.21,A,0,0,0.48,0
1128,6.79,A,0,1,0.94,1
597,6.35,C,0,0,0.49,0
1459,2.12,A,0,0,0.67,0
1039,4.76,A,0,0,0.47,0
1123,7.67,B,0,0,0.98,1
1625,5.57,A,0,0,0.33,0
1255,8.66,B,0,1,0.42,1
1628,6.32,A,0,0,0.84,1
1627,2.1,A,0,0,0.41,1
161,1.33,A,0,0,0.99,1
1590,5.5,A,0,0,0.52,0
1245,7.63,B,0,1,0.94,1
592,1.27,A,0,0,0.76,0
1296,1.46,C,0,0,0.74,1
1945,0.56,B,0,1,0.94,1
1415,4.29,A,0,1,0.66,1
1603,4.41,C,0,1,0.58,1
66,3.97,A,0,0,0.45,0
435,2.4,B,0,1,0.4,1
1656,3.29,A,0,0,0.85,1
151,7.77,A,0,0,0.39,0
577,1.5,C,0,1,0.58,1
1557,1.63,C,0,0,0.59,1
1894,6.0,B,1,0,0.77,1
1048,10.58,A,0,1,0.49,1
1041,2.58,C,0,0,0.89,1
1264,14.0,B,0,0,0.45,0
1219,0.8,A,0,0,0.85,1
1086,1.13,A,0,1,0.89,1
146,3.58,C,0,0,0.44,1
183,6.93,C,0,0,0.87,1
869,2.82,C,0,0,0.8,0
228,4.55,A,0,0,0.91,0
1296,0.64,B,0,1,0.66,1
264,3.6,A,0,0,0.46,0
821,1.89,B,0,0,0.94,1
279,4.13,B,0,1,0.85,1
1620,4.23,A,0,0,0.31,0
233,7.5,B,0,1,0.96,1
892,4.38,A,0,0,0.96,1
613,5.26,A,1,0,0.55,1
1167,4.27,A,0,0,0.31,1
1196,23.72,B,0,0,0.69,1
1743,8.34,A,0,1,0.94,1
710,7.55,A,0,1,0.39,1
929,5.43,A,0,0,0.71,0
82,4.26,B,0,1,0.81,1
907,2.61,A,0,0,0.39,1
1751,8.16,B,0,0,0.66,1
956,1.55,C,0,1,0.36,1
552,0.69,A,1,0,0.69,1
1927,6.49,B,0,0,0.61,1
640,1.28,A,0,0,0.49,0
804,12.21,A,0,0,0.9,1
1517,7.86,A,0,0,0.57,0
887,5.11,B,0,1,0.79,1
1704,2.38,C,0,1,0.85,1
1288,5.58,C,0,0,0.43,1
766,3.74,C,0,0,0.38,1
627,2.22,C,0,0,0.31,1
207,15.01,A,0,0,0.51,0
1460,1.38,A,0,0,0.87,1
502,7.5,A,0,1,0.84,0
1665,8.55,B,0,0,0.91,1
91,15.66,A,0,0,0.83,0
1341,4.49,C,0,0,0.32,1
1815,4.33,B,1,1,0.57,1
1732,13.15,B,0,1,0.3,1
1821,8.57,A,0,0,0.33,1
383,7.71,A,0,0,0.63,0
1597,8.28,A,1,1,0.55,1
1492,3.9,C,0,0,0.69,0
510,0.71,A,0,1,0.35,0
366,1.6,B,0,0,0.71,0
1329,5.65,C,0,1,0.35,1
589,3.02,A,0,0,0.6,0
309,5.17,A,0,1,0.55,1
655,4.51,B,0,1,0.46,1
1376,3.39,B,0,0,0.52,1
129,1.84,C,0,0,0.3,0
1602,6.85,A,1,0,0.53,1
195,12.49,A,1,1,0.35,1
593,7.85,A,0,0,0.94,0
1191,1.14,B,1,0,0.35,1
1261,4.36,A,0,0,0.97,0
317,9.52,B,0,0,0.64,0
243,4.97,A,0,0,0.66,0
1044,3.4,B,1,0,0.85,1
184,2.17,A,0,1,0.79,0
782,2.51,A,0,0,0.47,0
652,1.89,C,1,0,0.32,1
920,1.59,A,0,0,0.84,0
1931,4.94,A,0,0,0.39,0
1035,4.06,B,0,0,0.72,1
770,7.14,B,0,0,0.96,1
1745,2.34,A,0,0,0.68,1
191,3.59,B,0,0,0.5,0
951,6.2,A,0,0,0.43,0
359,17.02,A,0,0,0.32,0
648,2.65,A,0,0,0.74,0
1415,2.27,C,0,1,0.69,1
1330,3.48,C,0,0,0.62,1
1230,6.93,A,0,0,0.44,0
1319,16.79,A,0,0,0.47,0
1589,4.35,A,0,0,0.97,1
1555,8.87,A,1,0,0.31,1
234,3.62,C,1,0,0.55,1
1761,0.7,A,0,0,0.33,1
1756,11.73,A,1,0,0.43,1
295,2.21,A,0,1,0.95,1
1762,1.25,A,0,0,0.4,0
1364,28.31,A,0,1,0.72,1
1594,2.63,B,0,0,0.54,0
1196,1.23,A,0,0,0.74,0
202,2.37,A,0,1,0.9,1
1178,4.11,A,0,0,0.5,0
680,0.96,B,0,0,0.36,0
1871,2.67,A,0,0,0.44,1
701,6.03,A,0,0,0.61,0
547,12.88,A,0,1,0.66,1
621,3.03,A,0,0,0.96,1
910,4.66,A,0,1,0.31,0
1656,5.55,A,0,1,0.83,0
1303,0.87,A,0,0,0.35,1
60,2.59,A,0,0,0.35,0
1560,6.26,A,1,0,0.76,1
137,7.15,B,0,0,0.94,1
1685,2.7,B,0,0,0.5,0
1787,0.53,A,0,0,0.49,0
1079,0.53,B,0,1,0.73,1
243,4.36,B,1,1,0.84,1
457,4.51,C,0,0,0.91,1
593,4.56,B,1,1,0.47,1
1476,6.9,B,0,1,0.82,1
512,13.21,B,0,0,0.52,1
616,23.61,A,0,0,0.68,1
931,6.54,A,0,0,0.43,0
294,4.11,A,0,0,0.4,1
1165,1.26,A,0,0,0.95,1
1979,2.92,A,0,0,0.68,0
1509,4.75,A,0,1,0.3,1
1826,43.3,A,0,0,0.86,1
945,1.18,C,0,1,0.78,1
553,8.38,A,0,1,0.53,1
365,34.75,B,0,1,0.62,1
1070,8.68,C,1,0,0.61,1
1671,7.79,B,0,0,0.49,1
147,2.0,A,0,1,0.99,0
1455,0.52,B,0,0,0.68,1
1478,1.78,A,0,1,0.93,1
621,8.3,A,0,1,0.71,0
1275,1.07,C,0,0,0.78,1
1278,2.26,A,0,0,0.32,0
1572,4.63,C,0,0,0.66,0
1242,4.84,A,0,1,0.8,0
1936,4.42,B,0,0,0.39,1
466,20.29,A,1,0,0.77,1
108,0.56,C,0,0,0.36,1
1535,3.84,A,0,1,0.86,1
1170,4.01,C,0,0,0.98,0
1220,2.24,A,1,0,0.74,1
45,4.22,B,0,0,0.35,0
639,6.09,B,0,0,0.71,0
679,6.09,A,0,1,0.82,0
1512,0.96,B,0,0,0.95,1
796,8.61,A,1,0,0.33,1
690,13.85,A,1,0,0.84,1
64,1.16,B,0,1,0.39,1
1504,3.19,C,0,0,0.85,1
1117,4.08,B,0,0,0.92,1
1039,1.22,B,0,0,0.9,1
900,4.0,B,0,0,0.76,0
1396,1.66,C,0,0,0.65,1
1889,14.19,C,0,0,0.91,1
1016,3.48,B,0,1,0.66,0
777,26.89,A,0,0,0.43,1
927,0.74,A,1,0,0.96,1
1743,1.18,A,0,1,0.56,0
673,3.43,C,0,0,0.74,1
839,10.87,C,0,0,0.44,1
179,4.55,B,0,1,0.38,1
1793,7.09,C,0,1,0.69,1
258,3.25,A,0,1,0.69,0
671,0.71,B,0,0,0.56,0
219,5.72,B,0,0,0.52,0
921,5.53,A,0,1,0.56,1
749,0.87,B,0,0,0.86,1
1277,1.44,A,0,1,0.55,1
150,3.73,B,0,1,0.94,1
641,3.46,B,0,1,0.38,1
814,7.48,C,0,0,0.95,1
189,2.95,B,0,1,0.78,0
929,5.94,A,0,0,0.54,0
646,6.59,A,0,0,0.3,0
763,5.68,A,0,1,0.86,1
1757,5.03,A,0,0,0.98,1
996,8.69,B,0,0,0.99,1
1050,5.85,A,1,0,0.6,1
1049,9.48,B,0,0,0.35,0
394,5.56,A,1,0,0.52,1
1374,1.37,A,0,0,0.52,0
902,2.35,A,0,0,0.37,0
996,2.51,A,0,0,0.67,0
778,0.99,A,0,0,0.72,0
1831,6.39,A,1,0,0.81,0
801,5.02,A,0,0,0.34,0
55,4.96,A,0,0,0.49,0
513,3.76,A,0,1,0.55,0
1803,4.42,A,0,0,0.92,1
1176,0.54,A,0,1,0.93,1
1318,1.01,A,0,0,0.48,0
1388,6.25,B,0,0,0.64,0
839,2.02,A,0,0,0.6,0
534,1.07,B,0,0,0.67,1
988,2.49,A,0,1,0.5,0
1866,1.97,C,1,1,0.62,1
566,0.65,A,0,1,0.4,0
56,3.14,B,1,0,0.8,1
537,0.64,A,0,0,0.56,0
1927,0.5,B,0,1,0.68,1
116,8.36,B,0,0,0.72,0
1036,2.39,A,0,1,0.89,1
625,4.69,A,0,0,0.36,0
975,2.27,C,1,0,0.64,1
1128,13.8,C,0,1,0.93,1
1166,7.03,B,0,1,0.53,1
1955,2.8,C,0,1,0.61,1
869,1.68,A,0,0,0.36,0
1816,1.24,B,0,1,0.83,1
210,7.69,A,0,0,0.36,0
263,3.52,B,1,0,0.74,1
192,1.82,B,0,0,0.56,0
1183,13.11,A,0,1,0.54,1
1582,2.97,B,1,0,0.71,1
990,4.42,A,0,0,0.7,0
499,10.25,A,0,0,0.58,0
514,9.46,C,0,0,0.49,1
422,5.58,C,0,0,0.66,0
1955,11.47,A,0,0,0.49,1
1871,15.69,B,0,1,0.37,1
1541,14.18,A,0,0,0.86,1
1684,2.65,A,0,1,0.79,0
1645,3.03,C,0,0,0.36,1
413,1.88,A,0,0,0.41,0
245,9.56,A,1,0,0.37,1
1629,1.15,A,0,0,0.85,1
868,2.69,A,0,0,0.84,0
975,0.55,A,0,0,0.59,0
1578,5.01,B,0,0,0.87,1
642,5.87,A,0,1,0.98,1
1575,1.93,A,0,1,0.98,1
1467,7.17,A,0,1,0.99,1
1579,2.9,A,0,0,0.89,1
1678,2.37,A,1,0,0.45,1
217,16.14,A,0,0,0.34,0
149,4.94,A,0,0,0.87,0
597,1.95,A,0,1,0.52,1
596,20.94,A,0,0,0.54,0
1853,2.95,B,0,0,0.35,1
1340,5.72,A,0,0,0.8,0
926,6.93,A,0,1,0.6,1
976,3.24,B,0,1,0.44,0
579,4.34,C,1,0,0.76,1
1131,1.87,C,1,0,0.99,1
134,3.64,C,1,0,0.65,1
1993,2.36,C,0,0,0.72,1
1382,4.46,B,0,0,0.41,0
143,6.04,C,0,0,0.41,1
1005,5.26,B,0,0,0.62,0
1259,8.0,A,0,0,0.89,0
1978,0.71,A,0,1,0.94,1
1745,0.91,B,0,0,0.75,0
1582,1.65,C,0,1,0.55,1
659,21.77,A,0,1,0.83,1
1753,8.55,A,0,1,0.5,1
715,13.39,B,1,1,0.45,1
577,2.09,B,1,0,0.86,1
348,4.76,C,0,0,0.83,0
848,4.55,C,1,0,0.92,1
331,4.71,A,0,0,0.7,0
1846,6.82,A,0,0,0.93,0
1120,3.0,A,1,0,0.32,1
104,6.15,C,0,0,0.48,1
205,8.27,A,1,0,0.86,1
201,2.21,A,0,1,0.6,0
665,15.07,A,0,1,0.47,1
531,4.15,A,0,0,0.86,0
762,7.1,A,0,0,0.88,1
1694,7.03,C,0,0,0.62,1
997,4.66,B,0,0,0.63,1
1015,2.45,C,0,0,0.85,1
1685,6.0,A,0,1,0.84,0
22,0.96,B,0,0,0.91,1
263,20.43,B,0,0,0.75,0
90,1.52,A,0,0,0.43,0
1755,2.11,A,0,0,0.68,0
382,15.94,B,0,1,0.57,0
403,1.53,B,0,0,0.32,0
1923,1.43,A,0,1,0.44,1
1765,8.66,A,1,0,0.44,1
1942,1.95,A,0,0,0.36,1
427,1.0,A,0,0,0.62,0
1092,1.79,A,0,0,0.66,0
137,11.46,A,0,0,0.54,0
826,2.14,A,0,1,0.59,1
783,6.44,B,0,1,0.68,1
1813,3.01,C,0,0,0.38,1
1574,2.02,A,0,0,0.69,0
1366,1.28,A,0,0,0.8,1
901,18.41,A,0,0,0.91,1
291,4.18,B,0,0,0.51,0
1613,1.11,B,0,0,0.82,1
216,1.61,B,0,0,0.72,0
1305,3.12,B,1,0,0.65,1
1342,4.43,C,0,0,0.94,1
412,1.5,C,1,1,0.73,1
1208,2.13,A,0,0,0.56,0
227,8.16,C,0,0,0.8,1
1705,3.2,B,0,0,0.97,1
335,0.51,B,0,1,0.94,1
765,0.78,B,0,1,0.99,1
1286,3.39,C,0,0,0.37,0
1487,0.81,C,0,0,0.61,1
1222,1.46,A,0,1,0.6,0
1806,7.01,A,1,1,0.57,1
1476,3.77,C,0,1,0.42,1
1931,3.79,A,0,1,0.88,1
1021,5.06,A,0,0,0.77,0
139,8.27,A,0,1,0.72,0
1518,1.36,B,1,1,0.61,1
12,1.45,B,0,0,0.57,0
1999,1.15,A,0,1,0.85,1
1384,14.31,B,0,0,0.67,1
564,4.81,C,0,0,0.73,0
1166,0.99,A,1,0,0.37,1
1723,1.75,A,0,1,0.63,1
1527,6.97,C,0,0,0.39,0
275,0.65,C,0,0,0.34,0
932,6.97,A,0,0,0.78,0
33,12.62,B,0,0,0.49,1
543,0.79,B,0,0,0.98,1
1890,1.53,A,0,0,0.72,0
12,0.51,C,0,0,0.75,0
1945,1.08,A,1,1,0.44,1
1703,5.3,B,0,1,0.39,1
889,0.73,A,0,0,0.67,0
436,3.27,C,0,0,0.95,1
13,4.0,A,0,0,0.34,0
1652,12.36,A,0,0,0.66,1
817,3.72,A,0,0,0.44,0
793,1.27,A,0,0,0.85,0
512,2.21,C,1,0,0.78,1
241,6.08,A,0,0,0.37,0
882,1.09,B,0,0,0.73,0
759,1.82,C,0,0,0.99,1
81,27.84,B,1,0,0.67,1
97,0.53,A,0,0,0.5,0
537,1.33,B,0,0,0.41,0
895,9.78,A,0,0,0.99,1
612,1.03,A,0,0,0.69,0
459,0.67,A,1,0,0.56,1
448,1.15,B,0,1,0.45,1
1565,6.41,B,0,0,0.97,1
1468,25.39,B,0,0,0.74,0
1757,4.97,A,0,0,0.34,1
1117,1.16,B,0,1,0.34,1
1372,1.52,A,0,0,0.96,1
1986,4.36,A,0,0,0.8,0
135,6.79,C,1,1,0.37,1
572,5.94,A,0,0,0.74,0
1051,4.78,A,0,1,0.59,1
858,21.94,C,1,0,0.85,1
1988,1.6,A,0,0,0.49,1
874,1.45,B,0,1,0.57,1
1662,10.3,B,0,0,0.42,1
1669,2.22,A,0,0,0.48,0
1573,2.52,C,0,0,0.43,1
1998,4.48,B,1,0,0.32,1
933,2.9,A,0,0,0.33,0
354,2.2,A,0,0,0.88,1
477,12.96,C,1,1,0.86,1
990,1.19,B,0,0,0.4,0
150,3.09,B,0,0,0.77,0
1039,0.51,C,1,1,0.82,1
678,8.74,A,0,1,0.34,1
1651,1.42,B,0,0,0.36,0
640,7.91,C,0,1,0.69,0
1682,1.3,A,0,1,0.56,1
1574,3.2,B,0,1,0.79,1
1711,7.01,A,0,0,0.69,0
1098,2.08,B,1,0,0.32,1
1089,2.38,B,0,0,0.78,1
807,6.0,A,0,0,0.44,1
1915,1.54,A,0,0,0.52,1
1129,15.66,A,0,1,0.82,1
1922,1.55,B,0,0,0.84,1
964,7.43,B,0,1,0.54,1
224,8.61,C,0,0,0.36,1
752,2.84,A,1,0,0.84,1
67,1.35,C,0,0,0.91,1
915,1.41,A,0,0,0.98,1
1525,21.65,A,0,0,0.52,0
414,6.96,A,0,0,0.39,0
1217,3.49,C,1,0,0.96,1
1315,1.99,A,0,0,0.58,0
1816,0.6,A,0,0,0.37,0
730,6.05,A,0,0,0.65,0
1196,16.22,B,0,0,0.43,1
1122,1.06,C,0,0,0.55,0
792,7.52,B,0,1,0.52,1
106,1.33,A,0,0,0.99,1
596,8.35,C,0,0,0.75,1
1121,2.81,C,0,0,0.64,1
527,6.73,A,0,0,0.66,0
677,13.54,B,0,0,0.72,0
1096,5.34,A,0,1,0.91,1
550,13.17,B,0,1,0.4,1
825,1.84,B,1,0,0.72,1
200,19.61,A,0,0,0.53,0
1987,10.81,C,0,0,0.7,1
926,1.07,A,0,0,0.66,0
725,3.17,B,0,0,0.32,0
1311,13.59,C,1,0,0.71,1
548,0.91,A,1,0,0.8,1
94,3.52,A,0,0,0.47,0
1368,6.93,A,1,0,0.37,1
450,0.67,B,0,1,0.45,1
1755,7.49,C,0,1,0.75,1
1683,2.74,A,0,0,0.63,1
799,1.93,A,1,0,0.91,1
1205,4.79,A,0,0,0.5,0
1885,4.43,B,0,1,0.56,1
348,10.85,B,0,1,0.67,1
1701,6.14,A,0,0,0.62,0
1262,3.24,A,1,0,0.68,1
1851,5.75,A,0,1,0.52,1
1212,7.43,A,0,0,0.42,0
1280,14.35,A,0,0,0.86,1
1013,6.59,A,0,1,0.33,1
1930,4.42,B,0,0,0.56,1
683,2.83,A,0,0,0.36,0
1708,11.6,A,0,0,0.82,0
739,8.36,B,0,1,0.56,1
326,0.9,C,0,0,0.32,0
1319,6.51,B,0,0,0.35,1
85,4.37,A,0,1,0.44,1
983,1.05,C,0,1,0.85,1
1008,4.66,A,0,0,0.86,0
1485,1.57,A,0,0,1.0,1
213,6.66,C,0,0,0.47,1
1761,2.13,B,0,0,0.34,1
433,1.31,B,0,0,0.5,0
1768,0.93,A,0,0,0.43,0
202,3.87,A,0,0,0.8,0
1326,1.61,A,0,1,0.98,1
1737,10.16,A,1,1,0.49,1
906,0.52,A,0,0,0.53,1
1944,9.78,A,1,0,0.55,1
790,4.18,A,0,0,0.9,0
1446,13.26,B,0,0,0.7,0
1472,1.64,C,0,0,0.98,1
310,1.04,B,0,1,0.74,1
269,5.4,B,1,1,0.79,1
1225,6.63,A,0,1,0.36,1
1304,2.83,A,0,1,0.97,1
1013,0.57,A,1,0,0.74,0
625,3.11,A,0,1,0.66,1
441,1.83,B,0,0,0.57,0
725,2.63,C,0,1,0.35,1
705,4.03,C,0,0,0.39,1
1250,6.56,A,0,0,0.31,0
1124,17.01,C,0,0,1.0,1
207,1.28,A,0,0,0.85,0
992,6.2,A,0,0,0.86,1
1432,1.83,A,0,1,0.81,1
48,1.75,B,0,0,0.64,0
718,5.52,B,0,0,0.36,1
480,7.98,A,0,0,0.35,0
88,19.54,A,0,0,0.94,0
738,7.82,A,0,0,0.3,0
1861,1.36,A,0,0,0.79,0
1127,1.78,C,0,0,0.74,0
693,7.66,C,0,1,0.65,1
52,4.24,C,0,1,0.98,1
141,2.25,A,0,0,0.44,0
86,3.69,A,0,1,0.85,0
1979,12.82,C,0,0,0.77,1
1265,7.54,C,0,1,0.98,1
48,3.5,A,0,0,0.95,0
1599,20.2,B,0,0,0.39,1
160,8.42,A,0,0,0.52,0
1733,0.53,C,0,1,0.9,1
985,1.1,A,0,0,0.46,0
1452,4.54,C,0,0,0.56,1
1855,2.65,A,0,1,0.74,1
1219,8.87,B,0,0,0.69,1
327,11.8,A,0,0,0.75,1
1497,1.88,A,0,1,0.8,1
1465,7.7,A,0,1,0.81,1
1168,4.33,B,0,1,0.82,1
1536,2.99,A,0,0,0.99,1
1718,8.23,B,0,0,0.55,1
1302,4.66,A,0,1,0.33,1
446,5.54,A,0,1,0.54,0
636,0.82,B,0,0,0.94,1
1531,4.91,A,0,1,0.36,1
1766,2.29,C,0,1,0.75,1
560,3.9,B,1,0,0.6,1
349,1.76,B,0,0,0.95,1
1275,5.27,A,0,0,0.95,0
1254,1.3,A,0,0,0.85,0
667,1.16,C,0,0,0.37,1
927,1.54,A,0,0,0.32,0
1709,9.0,C,1,0,0.4,1
370,0.67,A,0,0,0.53,0
1982,7.04,A,0,0,0.47,0
1913,0.79,B,1,0,0.56,1
1005,4.98,C,1,0,0.4,1
1873,7.93,A,1,0,0.83,1
780,1.81,A,0,0,0.89,1
199,1.59,B,0,0,0.64,0
422,2.21,A,1,0,0.97,1
338,6.51,A,1,0,0.38,1
1809,1.97,A,0,0,0.37,1
1255,3.98,B,0,1,0.44,1
1877,1.22,B,0,0,0.99,1
1719,3.59,C,0,0,0.59,1
101,5.4,A,0,0,0.95,0
449,0.87,A,0,0,0.44,0
1139,8.95,A,0,0,0.89,1
254,14.36,A,0,1,0.52,0
1338,1.58,A,0,0,0.81,0
1588,7.62,B,0,1,0.98,1
1939,2.38,A,1,1,0.95,1
918,6.15,B,0,0,0.88,1
1986,2.33,C,0,0,0.34,1
1803,10.41,C,0,1,0.73,1
842,2.63,A,0,0,0.88,1
1631,9.95,A,1,0,0.58,1
106,7.77,A,0,0,0.81,0
947,1.59,C,0,0,0.4,1
963,1.35,C,0,0,0.42,0
1510,8.06,C,0,1,0.75,1
1299,2.97,B,1,1,0.61,1
584,15.42,A,0,0,0.45,0
112,14.82,C,0,0,0.5,1
1287,6.41,C,0,1,0.73,1
1488,3.97,C,1,0,0.81,1
838,1.58,A,0,0,0.45,1
522,11.2,A,0,0,0.97,1
675,0.93,A,0,0,0.31,0
1526,2.81,C,1,0,0.79,1
1294,2.42,C,0,1,0.5,1
44,16.4,A,0,1,0.63,0
1414,1.13,B,0,0,0.7,1
406,11.54,A,0,0,0.69,0
36,3.55,A,0,1,0.84,0
1941,0.74,A,0,1,0.88,1
1895,7.03,A,0,0,0.35,0
315,1.03,A,0,0,0.79,0
1769,1.85,A,0,0,0.58,1
708,8.54,B,0,1,0.87,1
1704,1.34,A,0,1,0.73,1
590,2.47,C,0,0,0.31,0
174,2.74,B,0,1,0.77,1
1291,4.94,B,0,1,0.95,1
111,8.3,C,0,0,0.36,0
464,1.81,A,0,0,0.65,0
202,1.65,A,0,0,0.74,0
1804,1.75,A,1,1,0.44,1
925,2.9,A,0,0,0.76,0
907,4.33,A,0,0,0.33,1
819,0.57,B,0,1,0.93,1
308,8.08,B,0,0,0.83,0
30,13.57,A,0,0,0.96,0
54,9.77,A,0,0,0.59,0
1513,0.69,A,0,0,0.32,0
505,4.22,A,0,0,0.54,0
1821,8.91,B,0,0,0.66,1
692,2.61,A,0,1,0.96,1
1723,11.87,C,0,1,0.92,1
232,11.4,B,0,1,0.72,1
308,1.26,A,0,1,0.81,0
1514,3.9,A,0,0,0.97,1
1057,0.63,A,0,0,0.9,1
1371,2.16,C,0,0,0.76,1
1117,8.85,C,0,0,0.68,1
1093,18.97,A,0,1,0.63,1
297,12.73,B,1,0,0.83,1
1667,0.72,A,0,0,0.87,1
526,13.57,A,0,0,0.45,0
907,9.15,B,0,0,0.63,0
163,10.61,C,0,0,0.84,1
290,12.82,A,0,0,0.77,0
443,3.85,A,0,1,0.71,0
351,1.69,B,0,1,0.53,0
1968,0.61,C,0,1,0.73,1
95,0.62,B,0,0,0.73,0
1620,5.64,A,0,0,0.6,0
788,2.56,C,0,1,0.97,1
200,3.92,C,0,1,0.76,1
1285,1.2,B,0,0,0.9,1
1101,19.05,C,0,1,0.39,1
1898,1.2,B,0,0,0.83,1
1179,3.44,A,0,0,0.72,0
1000,3.43,A,0,1,0.52,1
885,0.54,B,0,0,0.4,0
1667,6.01,C,1,0,0.57,1
1957,4.36,C,0,0,0.61,1
1587,3.94,A,0,0,0.4,0
1861,9.02,A,0,0,0.77,1
671,1.88,C,0,0,0.51,1
1969,10.37,B,0,0,0.86,1
583,10.5,A,0,0,0.75,0
1288,9.27,B,0,0,0.52,1
140,2.59,A,1,1,0.55,1
848,1.39,C,0,1,0.96,1
968,3.72,C,0,0,0.96,1
1410,2.0,C,0,1,0.59,1
1565,0.77,A,0,0,0.78,1
1232,2.14,C,0,0,0.99,1
848,3.67,B,1,0,1.0,1
230,1.1,A,0,0,0.35,0
1443,14.94,A,0,1,0.69,0
1970,5.84,C,0,0,0.81,1
652,1.23,B,0,0,0.43,1
1204,8.86,A,0,0,0.88,0
1178,13.66,C,0,0,0.63,1
497,2.02,A,0,0,0.65,0
861,1.27,C,0,1,0.49,1
363,2.45,B,0,1,0.51,1
1214,9.43,B,0,1,0.36,1
957,1.46,B,0,1,0.95,1
170,8.06,A,0,0,0.57,0
473,6.8,C,0,0,0.41,1
1093,5.77,A,0,0,0.4,0
224,3.34,B,0,0,0.59,0
589,2.78,A,1,1,0.74,1
1985,0.95,A,0,0,0.84,0
1906,2.71,B,0,0,0.95,1
1225,5.1,C,0,0,0.74,0
497,11.92,A,0,0,0.59,1
234,9.45,A,0,0,0.6,0
1425,0.66,B,1,1,0.7,1
718,1.25,B,0,0,0.68,0
170,9.94,A,1,0,0.75,1
1794,14.51,B,1,0,0.65,1
1954,0.79,A,1,0,0.34,1
464,6.54,A,0,0,0.65,0
1144,2.78,A,0,0,0.32,0
1936,2.77,B,0,0,0.43,0
1092,5.65,A,0,0,0.57,0
554,8.81,A,0,0,0.69,0
1586,2.11,B,0,0,0.43,0
1706,6.61,B,1,0,0.49,1
38,5.55,B,0,0,0.56,0
776,4.14,A,0,1,0.44,1
1968,5.11,B,0,0,1.0,1
194,0.59,C,0,0,0.86,1
1906,0.52,A,0,0,0.87,1
1257,4.5,A,0,0,0.7,1
366,4.21,B,0,1,0.97,1
501,0.87,B,1,0,0.81,0
742,3.89,B,0,1,0.53,1
1865,7.58,B,0,1,0.73,1
1631,4.4,A,0,1,0.68,1
587,4.15,B,1,1,0.71,1
123,6.83,A,1,0,0.87,1
387,1.44,A,0,0,0.66,0
1810,3.56,C,1,0,0.81,1
1318,1.3,C,0,1,0.48,1
106,4.21,B,1,0,0.95,1
851,4.98,A,0,0,0.36,1
133,1.15,B,0,0,1.0,1
165,0.89,B,1,0,0.74,1
119,1.41,B,0,0,0.63,0
62,4.91,B,1,0,0.52,1
1207,1.55,A,0,0,0.58,0
1712,2.11,A,0,0,0.85,1
597,6.56,B,0,0,0.4,0
1347,1.93,C,0,0,0.48,0
735,3.03,C,1,1,0.39,1
1727,13.71,B,0,0,0.6,1
1423,9.21,A,0,0,0.57,1
54,1.98,A,0,0,0.75,0
945,5.05,A,0,0,1.0,1
1696,5.98,B,0,0,0.92,1
1150,12.03,A,0,0,0.92,1
131,4.46,B,0,0,0.75,0
491,4.62,C,0,0,0.49,0
1203,11.47,A,1,1,0.57,1
687,0.78,A,0,0,0.48,0
1433,5.45,A,0,0,0.39,0
1875,3.19,A,1,0,0.61,1
1976,12.53,B,0,0,0.93,1
1694,16.66,B,0,0,0.82,1
509,1.43,B,0,1,0.99,1
83,2.15,C,0,1,0.44,1
980,2.1,A,0,0,0.65,0
158,1.03,B,0,1,0.86,1
1570,3.8,B,0,1,0.62,1
901,4.1,A,0,0,0.55,1
1094,4.75,A,0,1,0.87,1
1899,5.94,B,0,0,0.6,1
1087,0.82,A,0,0,0.94,1
1256,5.37,C,0,1,0.49,1
1764,12.76,A,0,0,0.93,1
482,3.53,A,0,0,0.49,0
1349,1.06,A,0,0,0.5,0
179,0.95,B,0,1,0.59,1
710,2.15,A,0,0,0.66,0
41,7.48,A,0,0,0.59,0
62,2.01,A,0,0,0.9,1
949,8.92,A,0,0,0.86,1
148,9.06,A,0,0,0.52,1
1407,3.55,A,0,0,0.66,0
1080,2.29,B,0,1,0.6,1
99,5.05,B,1,0,0.34,1
837,8.82,A,0,1,0.82,1
45,0.83,A,0,0,0.43,0
1025,15.83,C,0,0,0.95,1
1989,5.69,B,0,1,0.58,1
938,3.04,C,0,1,0.74,1
1258,4.03,A,0,0,0.87,1
563,2.94,A,0,0,0.43,0
749,3.16,B,0,0,0.68,1
278,5.03,A,0,0,0.47,0
919,0.81,A,0,1,0.66,1
195,1.46,A,0,0,0.71,0
1404,1.79,A,0,1,0.42,1
878,3.12,A,0,0,0.71,0
1268,2.82,B,0,0,0.62,0
1155,6.9,B,0,0,0.67,0
433,2.0,A,0,0,0.93,0
842,0.79,A,1,0,0.64,1
1422,0.79,B,0,0,0.63,0
935,0.56,A,0,1,0.63,1
1150,0.69,B,0,1,0.74,1
1499,10.28,B,0,0,0.56,1
1462,6.47,A,0,0,0.86,1
878,28.02,A,0,1,0.5,0
1025,0.6,B,0,0,0.51,1
451,9.95,A,0,0,0.71,1
48,6.45,A,0,1,0.48,0
917,5.61,A,0,0,0.36,0
1195,2.7,C,0,1,0.44,1
1654,2.86,C,0,0,0.94,1
1559,9.84,B,0,0,0.31,1
175,6.75,A,0,0,0.39,0
1945,6.05,A,0,0,0.83,1
1907,0.66,A,0,0,0.99,1
1478,1.52,A,0,0,0.78,1
452,16.93,A,0,0,0.95,1
340,3.53,B,1,0,0.9,1
1002,8.1,A,0,0,0.64,0
1368,2.97,C,0,0,0.53,1
1145,7.73,A,0,0,0.74,0
1779,1.13,B,0,1,0.67,1
723,0.72,B,0,0,0.32,1
844,3.64,A,0,0,0.97,1
148,4.98,A,0,1,0.7,0
1812,2.46,A,0,1,0.91,1
1817,6.79,C,0,1,0.81,1
1199,3.92,A,0,0,0.54,0
1447,13.68,A,0,1,0.93,1
1202,0.94,C,0,0,0.85,1
778,0.84,B,0,0,0.6,1
133,12.28,A,0,0,0.89,1
1583,6.03,A,0,1,0.49,0
891,6.06,A,1,1,0.77,1
770,0.64,A,0,1,0.38,0
1782,14.38,A,0,0,0.91,1
1131,7.89,A,0,0,0.81,0
1093,7.73,B,1,0,0.41,1
1052,12.65,A,1,1,0.31,1
1157,4.82,A,0,0,0.57,0
235,3.01,C,0,1,0.77,1
1988,3.78,A,0,0,0.5,1
621,8.01,A,1,1,0.98,1
333,7.82,B,0,0,0.95,0
1939,5.2,C,0,1,0.72,1
1050,1.73,A,1,1,0.52,1
1793,9.04,B,0,0,0.93,1
1113,5.71,B,0,0,0.86,1
606,1.75,B,0,1,0.36,0
1893,3.78,B,0,0,0.63,1
1489,29.9,B,0,0,0.99,1
550,2.49,C,0,0,0.62,0
655,1.12,C,0,0,0.95,1
999,0.61,A,0,0,0.98,1
715,1.52,C,0,0,0.57,1
640,1.53,A,0,0,0.98,1
1411,10.26,B,0,0,0.4,1
888,1.35,C,0,0,0.41,0
200,10.43,A,0,0,0.49,0
1960,0.95,A,0,1,0.63,1
1698,12.36,C,0,0,0.43,1
864,1.98,A,0,0,0.54,1
500,5.23,A,0,0,0.37,0
414,1.37,B,1,0,0.6,1
1305,2.97,A,0,1,0.88,1
1677,0.95,C,0,1,0.72,1
884,4.83,A,0,0,0.87,1
439,2.62,C,0,0,0.39,1
529,10.06,C,1,1,0.58,1
1679,1.5,B,0,1,0.33,1
902,2.14,B,0,0,0.56,1
1417,1.48,B,1,1,0.73,1
830,4.65,A,0,0,0.7,0
896,1.09,A,0,0,0.34,1
1225,1.55,C,0,0,0.34,1
1636,6.17,B,0,0,0.51,1
444,0.89,C,0,0,0.84,1
1794,7.3,B,1,0,0.31,1
1797,1.05,A,0,0,0.73,1
72,4.9,A,0,1,0.43,0
1249,31.12,A,1,0,0.96,1
143,1.46,C,0,0,0.6,1
967,2.01,B,0,0,0.33,1
628,11.93,B,1,0,0.8,1
1194,5.42,B,0,0,0.64,1
1291,3.89,A,0,1,0.92,1
434,4.64,A,1,1,0.76,1
1561,2.25,A,0,0,0.78,0
367,10.17,A,0,0,0.84,0
1408,7.34,A,0,1,0.59,1
1604,5.64,A,0,0,0.85,1
1042,13.92,C,1,0,0.34,1
1020,4.82,B,0,1,0.84,1
206,4.09,A,0,1,0.75,1
1150,19.09,B,0,0,0.7,1
1043,1.65,A,0,0,0.52,0
871,1.27,B,0,0,0.38,0
528,1.39,A,0,0,0.75,0
358,23.25,C,0,0,0.63,1
1739,5.78,A,0,0,0.45,1
1437,2.33,C,0,0,0.33,1
1668,1.93,B,0,1,0.68,1
584,0.79,B,0,0,0.39,1
1037,1.21,C,0,0,0.95,1
1829,12.44,A,0,1,0.41,1
337,7.38,A,0,0,0.32,0
1795,14.7,A,0,0,0.48,1
521,3.26,C,0,1,0.42,0
940,5.1,A,0,1,0.85,1
139,3.81,A,0,0,0.5,0
1970,11.16,A,0,0,0.47,1
1957,24.27,B,0,0,1.0,1
596,14.0,A,0,0,0.41,1
493,5.06,A,0,1,0.36,0
1874,0.82,A,0,0,0.51,1
367,5.31,A,0,0,0.58,0
394,1.01,B,0,0,0.83,1
263,1.25,A,0,0,0.97,1
1956,1.56,C,1,1,0.83,1
844,2.76,B,0,0,0.81,1
1200,4.98,A,0,0,0.99,0
1746,2.53,B,0,1,0.84,1
1713,3.51,C,0,0,0.4,1
805,0.74,A,0,1,0.62,1
478,5.33,A,1,1,0.65,1
1893,5.85,B,1,1,0.51,1
502,1.02,A,0,0,0.41,0
929,8.19,B,0,0,0.8,1
1371,5.71,B,0,0,0.49,0
60,3.86,A,0,0,0.74,0
1089,4.52,A,1,1,0.53,1
82,4.0,C,0,0,0.65,0
1827,0.78,A,0,0,0.54,1
609,7.14,A,0,0,0.59,0
61,4.09,B,0,0,0.81,0
134,1.45,A,0,0,0.92,1
271,6.21,C,0,1,0.66,1
964,6.44,B,1,0,0.73,1
1918,1.7,B,0,0,0.91,1
1813,8.46,A,0,1,0.4,1
1608,3.55,C,0,0,0.41,1
1581,1.5,C,0,1,0.55,1
1554,5.86,A,1,1,0.52,1
339,5.04,B,0,1,0.99,1
1356,1.43,A,1,0,0.69,1
250,10.79,A,0,0,0.67,0
1318,10.14,A,0,0,0.71,0
1872,9.55,B,0,1,0.91,1
1635,3.05,C,0,0,0.47,1
1297,9.2,B,0,0,0.66,0
1332,9.82,B,0,0,0.49,0
1238,28.83,C,0,0,0.85,1
300,16.3,C,0,1,0.84,1
220,2.91,B,0,0,0.97,1
1399,1.6,C,0,1,0.61,1
1823,2.23,A,1,0,0.41,1
1497,3.91,A,0,0,0.93,1
728,8.69,A,0,0,0.92,1
331,6.92,A,1,0,0.46,1
367,8.25,A,0,1,0.49,0
926,2.89,C,0,0,0.52,1
103,1.92,B,1,0,0.62,1
720,0.62,B,0,0,0.88,1
1896,5.42,A,0,0,0.4,0
178,8.42,B,0,0,0.79,1
1330,11.5,A,0,0,0.55,0
1978,3.73,B,0,0,0.44,1
1772,13.63,B,0,0,0.54,1
525,1.63,B,0,1,0.67,1
107,4.11,A,0,0,0.94,0
1738,1.7,C,1,0,0.74,1
1811,1.54,A,0,0,0.72,0
359,15.83,A,0,1,0.38,1
745,9.01,C,1,0,0.36,1
588,0.56,C,0,0,0.39,0
1683,2.06,A,0,0,0.37,0
850,1.65,B,0,0,0.7,1
410,1.3,A,0,0,0.62,0
760,6.48,A,0,1,0.3,0
1484,4.68,B,0,0,0.55,1
1508,3.53,A,0,1,0.39,1
830,1.55,B,1,1,0.99,1
1452,2.13,A,0,0,0.62,0
1037,2.7,C,0,1,0.6,1
1357,8.2,B,1,0,0.75,1
378,23.14,B,0,0,0.55,0
1897,1.52,B,0,0,0.8,1
1647,2.59,C,0,0,0.93,1
1428,2.14,C,0,0,0.65,0
565,0.73,B,1,0,0.57,1
1152,1.74,B,0,0,0.67,1
1733,12.09,B,0,0,0.72,1
1776,9.75,A,0,0,0.89,1
1014,1.42,A,1,0,0.58,1
975,2.78,A,0,1,0.34,1
1024,2.36,B,0,0,0.74,0
1223,1.3,A,0,1,0.99,1
1655,5.37,B,0,1,0.9,1
1449,4.57,A,1,0,0.83,1
823,3.28,B,0,1,0.42,1
1824,10.17,C,0,0,0.82,1
115,5.33,A,1,0,0.36,0
174,2.0,B,0,0,0.65,0
647,2.84,B,0,0,0.56,0
1379,1.31,A,1,1,0.93,1
1131,4.97,B,0,1,0.41,1
1033,4.92,A,1,0,0.85,1
1519,10.71,A,0,0,0.33,0
340,10.18,A,0,0,0.79,0
1403,9.57,C,0,0,0.51,1
1475,4.48,C,1,0,0.98,1
1153,5.78,C,0,0,0.77,1
1886,7.97,C,0,1,0.52,1
308,0.98,A,0,1,0.46,0
865,2.29,A,0,1,0.75,1
1176,1.43,C,0,0,0.49,0
716,4.08,B,0,0,0.43,0
1675,9.59,A,0,0,0.75,0
1934,1.81,B,0,0,0.81,1
1982,7.06,A,0,0,0.47,1
1974,3.1,B,0,0,0.68,1
1649,12.17,B,0,1,0.76,1
1126,5.43,B,1,1,0.96,1
1330,19.27,B,0,0,0.86,0
456,1.91,C,0,1,0.59,1
489,13.38,A,0,1,0.89,1
743,2.71,B,1,0,0.61,1
1745,5.36,B,0,0,0.39,1
1833,1.46,B,1,0,0.54,1
883,7.63,A,0,0,0.86,1
1291,19.64,C,0,0,0.97,1
531,8.24,A,0,0,0.99,1
1716,5.28,A,0,1,0.75,1
1408,3.47,B,0,1,0.63,1
1460,2.62,A,0,0,0.41,1
1134,3.22,A,0,0,0.37,0
631,2.49,A,0,0,0.66,0
768,9.44,B,0,0,0.81,1
1868,11.68,A,0,0,0.53,0
253,15.44,A,0,1,0.77,1
32,3.21,B,0,0,0.7,0
1387,4.45,A,0,0,0.96,0
475,4.8,A,0,0,0.45,0
1258,5.76,C,0,1,0.71,1
874,0.51,B,0,1,0.59,0
1477,9.75,B,0,0,0.48,1
1807,2.06,A,0,0,0.55,1
278,3.69,B,0,0,0.51,0
542,9.71,B,0,1,0.67,1
323,29.31,A,0,0,0.69,0
129,8.42,B,0,1,0.91,1
990,0.63,B,0,0,0.85,0
1514,2.8,A,0,1,0.51,1
1957,1.92,B,0,0,0.95,1
1153,17.14,A,0,1,0.91,1
719,2.03,B,1,0,0.74,1
145,14.85,B,0,0,0.31,0
1110,14.36,A,1,1,0.45,1
1387,9.64,B,0,0,0.85,1
1091,1.02,C,1,1,0.62,1
945,0.51,A,0,0,0.39,0
1119,8.4,C,0,1,0.59,1
10,9.77,A,0,0,0.45,0
86,16.87,C,0,0,0.92,1
970,1.73,A,0,1,0.92,1
1555,7.11,A,0,0,0.57,0
1477,4.16,A,0,1,0.4,1
590,2.49,C,0,1,0.55,1
157,5.16,B,0,0,0.39,0
583,4.47,B,0,0,0.51,0
1558,2.23,C,0,1,0.84,1
195,2.06,A,0,1,0.5,0
1710,3.83,A,0,0,0.68,0
531,3.71,B,0,0,0.38,1
1804,2.3,A,0,0,0.54,0
171,2.03,A,0,0,0.33,0
1323,15.93,B,0,0,0.68,1
1959,10.42,A,0,0,0.54,1
1454,8.99,A,0,1,0.91,1
205,1.71,A,0,0,0.57,0
43,1.55,A,0,0,0.69,0
1705,8.79,B,0,0,0.98,1
1630,1.52,A,0,1,0.75,1
1603,4.0,A,0,0,0.65,0
1906,1.75,B,0,0,0.37,1
417,2.87,C,0,0,0.87,1
1810,10.1,B,0,0,0.75,1
1330,11.6,B,0,0,0.38,1
1953,29.04,B,1,1,0.47,1
546,14.9,B,0,0,0.68,0
45,6.06,C,0,1,0.33,1
1297,3.33,C,0,0,0.8,1
1415,0.8,B,0,0,0.46,0
123,5.18,A,0,0,0.64,0
1650,1.68,B,1,1,0.47,1
614,9.99,A,0,0,0.64,0
1634,4.48,C,0,1,0.43,1
452,7.11,B,0,0,0.72,1
1196,6.1,B,0,1,0.94,1
47,2.63,A,1,1,0.87,1
101,7.62,A,0,0,0.47,0
640,9.77,A,0,1,0.65,1
1756,7.32,A,0,0,0.6,1
681,8.0,B,1,0,0.98,1
110,2.73,A,1,0,0.86,1
1914,14.88,C,0,0,0.38,1
516,3.26,A,0,0,0.42,0
188,11.87,A,0,0,0.79,0
293,10.25,B,0,0,0.41,0
1985,1.16,A,1,0,0.97,1
364,17.45,C,0,0,1.0,1
1937,28.55,A,0,0,0.84,1
1330,5.16,A,0,1,0.32,1
1919,8.14,A,0,1,0.64,1
1568,14.07,A,0,1,0.58,1
1983,0.6,B,0,0,0.86,1
497,13.8,A,0,0,0.5,0
1015,5.44,B,0,0,0.57,1
288,9.31,B,0,0,0.37,0
553,4.39,B,0,1,0.54,1
659,4.28,A,0,1,0.98,1
1626,11.89,B,0,0,0.96,1
940,4.04,A,0,0,0.83,0
364,3.69,B,0,1,0.94,1
1352,5.18,A,0,1,0.45,1
204,4.15,A,0,0,0.74,0
813,3.46,B,0,0,0.65,1
102,1.5,B,0,0,0.6,0
442,3.03,A,0,0,0.53,0
567,2.16,A,0,1,0.91,1
1060,3.06,C,1,0,0.64,1
1448,5.0,A,0,0,0.81,1
171,5.19,A,0,0,0.79,0
1877,1.86,A,0,0,0.4,1
110,0.94,B,0,0,0.33,0
708,7.32,B,0,0,0.89,1
1983,4.26,A,1,0,0.64,1
1506,3.42,B,0,1,0.87,1
1739,1.19,B,0,0,0.51,1
167,3.18,B,1,0,0.9,1
501,9.02,C,0,0,0.88,1
928,4.85,A,0,0,0.57,0
1042,0.98,C,0,0,0.59,0
1245,2.52,C,0,0,0.55,1
1472,20.01,A,0,0,0.32,1
1930,4.43,C,1,0,0.78,1
833,2.19,B,0,0,0.49,1
688,12.73,C,0,1,0.92,1
1888,2.55,B,1,0,0.93,1
795,7.04,A,0,0,0.81,0
1843,1.3,B,0,1,0.43,1
1001,1.35,A,0,1,0.36,1
120,4.62,A,0,0,0.87,0
850,1.87,B,0,0,0.93,1
212,0.75,C,0,0,0.55,0
1793,13.55,B,0,0,0.55,1
1098,0.79,B,0,1,0.57,1
1748,6.82,A,0,0,0.88,1
1194,2.52,B,0,0,0.79,1
423,14.05,B,0,0,0.39,1
1678,21.86,A,1,0,0.74,1
699,2.54,A,0,0,0.31,1
1738,4.97,B,0,1,0.8,1
275,7.91,A,0,1,0.84,1
581,1.16,A,0,0,0.87,1
214,6.68,C,0,0,0.74,1
1700,12.33,C,0,0,0.43,1
593,1.48,B,0,0,0.86,1
1189,9.62,B,0,0,0.93,1
182,1.11,A,0,0,0.74,0
317,4.7,A,0,0,0.49,0
459,2.57,C,0,0,0.43,1
71,3.69,B,0,0,0.46,0
1406,2.29,B,0,1,0.31,1
1493,2.01,A,0,1,0.31,1
484,7.3,C,0,0,0.51,1
1414,1.76,A,0,0,0.95,1
1750,3.12,A,0,1,0.73,0
1605,2.1,A,0,1,0.57,1
95,1.86,B,0,0,0.31,0
1969,5.43,B,1,0,0.99,1
1176,0.73,B,1,0,0.62,1
1896,8.28,A,0,1,0.99,1
1040,4.45,C,0,1,0.8,1
304,9.31,C,0,0,0.34,1
1724,1.7,A,0,1,0.9,1
748,6.68,C,1,0,0.67,1
1552,3.23,C,0,0,0.62,1
1685,0.9,A,0,0,0.83,0
535,7.48,A,1,0,0.84,1
43,7.68,C,0,1,0.86,1
1923,2.08,A,0,1,0.83,1
1968,12.89,A,1,1,0.75,1
761,7.72,B,1,0,0.77,1
1362,2.33,B,0,1,0.9,1
1865,1.87,B,0,0,0.78,0
1642,3.4,B,0,0,0.37,1
789,2.23,B,0,0,0.75,0
647,1.72,A,0,0,0.42,0
1067,3.05,A,0,1,0.31,0
804,0.63,A,0,0,0.45,0
415,3.07,C,0,0,0.41,0
1051,1.75,C,0,1,0.37,1
1463,2.03,A,0,0,0.45,1
437,0.93,A,0,0,0.69,1
923,4.94,C,0,0,0.41,1
302,3.69,A,0,0,0.5,0
1936,7.44,A,0,0,0.89,1
589,22.25,C,0,1,0.92,1
1782,1.14,B,0,1,0.53,0
1113,2.09,A,0,0,0.93,1
1119,6.24,C,0,0,0.71,1
1605,1.85,C,0,1,0.46,1
57,0.65,A,0,0,0.83,0
1724,1.08,C,0,1,0.95,1
1901,3.34,B,0,1,0.76,1
93,3.32,A,0,1,0.44,0
616,18.43,C,1,1,0.36,1
317,3.64,A,1,1,0.46,1
261,6.17,A,0,0,0.54,0
1514,3.89,A,0,0,0.53,1
1878,2.07,B,0,1,0.65,1
189,1.06,A,0,0,0.65,0
1629,10.3,C,1,0,0.63,1
1343,1.33,B,0,1,0.54,1
1970,1.01,A,0,0,0.37,1
435,1.7,B,1,0,0.59,1
1519,0.51,B,0,0,0.99,1
1695,0.87,A,0,0,0.76,0
48,5.54,A,0,1,0.61,0
1312,1.9,B,0,1,0.36,1
825,2.57,A,0,1,0.45,1
634,9.52,C,0,0,0.7,1
385,7.91,A,1,0,0.65,0
1962,3.89,A,0,0,0.31,0
1672,5.25,A,0,0,0.36,1
50,0.95,B,1,1,0.55,1
1703,7.67,A,0,0,0.4,0
1751,4.13,A,0,0,0.97,1
56,4.73,A,0,0,0.32,0
1517,5.98,B,0,0,0.98,1
194,3.97,A,0,1,0.76,0
81,4.19,A,0,0,0.59,0
578,3.96,A,0,0,0.68,0
1784,3.93,C,0,0,0.59,1
583,7.44,C,0,0,0.7,0
351,3.29,B,0,0,0.41,0
578,0.51,A,0,1,0.38,0
973,5.23,A,0,1,0.67,1
1276,15.75,A,0,0,0.35,0
337,1.99,A,0,0,0.5,0
1669,8.97,A,0,1,0.95,1
162,3.54,A,0,1,0.91,1
1288,5.65,A,0,0,0.88,1
738,11.58,A,0,0,0.66,0
1457,7.87,A,0,0,0.32,1
241,11.3,A,1,0,0.38,1
1562,0.55,A,0,1,0.94,1
1625,1.54,A,0,0,0.89,1
1529,3.25,A,0,0,0.56,0
185,9.91,A,0,0,0.81,0
560,9.61,A,0,1,0.9,1
152,1.52,A,0,0,0.73,0
26,1.27,A,0,1,0.9,1
258,9.5,A,0,0,0.47,0
1068,4.4,B,1,0,0.62,1
810,5.43,C,0,0,0.71,0
1009,8.78,C,0,0,0.74,1
1008,1.69,A,0,0,0.99,1
155,1.23,A,0,0,0.89,0
935,10.3,A,0,0,0.34,0
736,1.09,C,0,0,0.42,0
174,0.96,B,0,1,0.76,1
1144,2.12,C,0,0,0.47,1
656,2.41,A,0,0,0.41,0
1107,1.88,A,0,0,0.77,1
677,7.27,A,1,0,0.68,1
1760,18.63,C,0,1,0.86,1
363,1.61,A,0,0,0.52,0
1307,8.11,B,0,0,0.53,1
952,0.73,A,1,0,0.41,0
1312,1.13,C,0,0,0.76,1
1693,4.12,A,0,0,0.8,1
1064,39.73,C,0,0,0.4,1
535,15.42,A,1,0,0.48,1
1568,1.09,B,0,1,0.41,1
519,1.87,A,0,0,0.82,0
1547,15.07,C,0,1,0.45,1
1958,1.32,B,0,0,0.41,0
187,7.29,A,0,0,0.35,0
338,0.51,B,0,1,0.88,1
1604,5.49,A,0,0,0.39,0
810,3.91,A,0,0,0.32,0
697,3.68,B,1,0,0.35,1
1205,9.34,B,0,0,0.56,0
1429,0.92,B,0,0,0.72,0
1628,2.87,B,0,0,0.58,1
947,3.45,B,0,1,0.62,1
989,1.16,C,0,1,0.94,1
744,0.95,A,1,0,0.83,1
1068,1.49,B,0,0,0.54,0
306,1.88,C,0,1,0.41,1
1502,17.42,A,0,0,0.82,1
1984,3.73,A,1,0,0.7,1
1528,4.07,B,1,0,0.97,1
631,6.64,C,1,0,0.94,1
1268,6.26,B,0,1,0.69,1
918,3.99,A,0,1,0.35,1
1072,2.58,A,0,1,0.32,1
1252,2.51,A,0,1,0.89,1
1250,0.8,A,0,0,0.79,0
715,11.99,A,0,0,0.69,1
1708,7.84,A,0,0,0.78,0
637,5.38,B,0,0,0.68,0
1873,3.02,B,0,0,0.7,1
682,4.87,C,1,0,0.46,1
1634,3.82,A,0,1,0.62,1
429,2.1,A,1,0,0.31,0
662,2.27,A,0,0,0.77,0
833,10.88,A,0,0,0.53,1
1207,5.54,A,1,1,0.76,1
722,0.51,C,0,0,0.95,1
876,2.48,A,0,1,0.71,0
823,2.58,A,0,1,0.53,1
877,6.63,A,0,0,0.45,1
122,6.53,A,0,1,0.48,0
1912,3.62,A,0,0,0.99,1
949,15.58,B,1,0,0.73,1
183,10.79,C,1,0,0.61,1
1020,10.56,B,0,1,0.46,1
83,2.64,B,0,0,0.84,1
1870,3.32,B,1,0,0.57,1
1832,3.21,A,0,0,0.51,0
646,3.4,B,0,0,0.46,0
1569,11.5,A,0,0,0.43,0
41,1.93,B,0,1,0.49,1
1287,8.6,A,0,0,0.74,0
506,4.11,C,0,0,0.47,1
1146,1.93,B,0,0,0.34,1
204,4.25,A,0,1,0.55,1
537,1.59,B,0,0,0.71,0
450,1.07,A,0,0,0.34,0
1522,9.61,A,0,1,0.62,1
1530,6.51,A,0,0,0.34,1
733,1.65,A,0,0,0.84,1
1653,14.76,A,0,1,0.91,1
33,0.62,A,0,0,0.97,0
299,2.53,A,0,0,0.78,0
905,0.61,A,0,0,0.74,1
317,1.27,A,0,0,0.79,0
313,1.49,A,0,0,0.9,1
1888,8.81,C,0,0,0.86,1
640,25.34,C,0,0,0.61,1
1726,10.6,C,0,0,0.76,1
960,5.54,A,0,0,0.41,0
47,6.92,B,0,0,0.79,0
395,4.2,B,0,0,0.81,0
754,3.25,A,0,0,0.86,0
1614,6.39,C,0,1,0.87,1
91,18.58,C,0,0,0.61,0
1151,0.65,B,0,1,0.93,1
1854,2.39,A,0,0,0.99,1
59,2.5,B,0,0,0.98,0
678,3.17,A,1,1,0.71,1
83,5.43,A,0,0,0.69,0
1011,4.11,B,1,0,0.62,1
704,0.59,A,0,0,0.51,0
1139,3.15,A,0,0,0.53,0
1734,5.33,A,1,1,0.45,1
1851,4.01,B,0,0,0.97,1
1817,10.78,C,0,0,0.73,1
1632,3.04,A,0,0,0.95,1
1895,0.56,A,0,0,0.57,0
1359,2.18,A,0,1,0.51,1
693,1.23,B,0,0,0.39,0
1797,1.94,C,1,0,0.51,1
365,2.75,A,0,1,0.92,1
1501,6.15,A,0,0,0.71,0
1689,2.46,A,1,1,0.62,1
1317,11.28,C,0,0,0.7,1
1023,2.28,A,0,0,0.92,1
194,1.24,B,0,0,0.43,0
163,1.42,A,0,0,0.98,0
863,14.13,B,1,0,0.77,1
127,3.53,A,0,1,0.9,1
276,3.08,A,0,0,0.67,0
1418,0.86,A,0,0,0.47,0
846,7.11,B,0,0,0.7,0
264,6.43,A,0,0,0.35,0
1274,2.86,B,0,1,0.9,1
180,6.38,A,0,0,0.75,0
1975,2.79,B,0,0,0.5,1
626,0.88,B,0,0,0.49,0
1011,7.2,B,0,0,0.93,1
557,17.29,A,0,0,0.89,1
1611,5.72,C,0,1,0.83,1
1218,2.12,A,0,0,0.59,0
1935,2.07,A,0,0,0.91,1
711,13.72,B,0,0,0.47,0
676,2.31,B,0,0,0.32,0
902,7.81,B,0,0,0.6,0
419,5.65,B,0,1,0.94,1
748,4.99,B,0,1,0.7,1
1686,1.5,C,0,0,0.46,1
1621,0.68,B,0,0,0.76,0
155,3.85,A,1,1,0.82,1
1071,22.68,C,0,1,0.69,1
499,1.59,C,0,1,0.89,1
271,4.35,A,0,0,0.71,1
1159,6.06,A,0,0,0.37,0
1637,3.81,B,1,0,0.87,1
1829,4.04,A,1,0,0.4,1
354,5.91,A,0,0,0.92,0
1294,8.93,C,0,1,0.67,1
1476,2.53,A,0,0,0.81,0
888,11.98,A,0,0,0.98,1
1141,3.82,B,0,0,0.6,1
1590,5.92,A,1,0,0.62,1
1913,1.06,C,0,0,0.88,1
1470,3.89,A,1,0,0.38,1
523,0.58,B,0,0,0.32,0
954,2.98,A,0,0,0.72,0
722,0.78,B,0,0,0.42,1
1123,11.86,B,0,0,0.48,1
224,6.09,C,0,0,0.98,1
1660,8.35,A,0,1,0.76,1
1352,3.65,C,0,0,0.9,1
613,10.05,B,0,0,0.93,1
847,10.82,C,0,1,0.38,1
1731,2.71,A,0,0,0.95,1
781,2.86,B,0,0,0.91,1
679,4.05,A,0,1,0.33,0
1090,0.72,A,0,1,0.98,1
568,27.83,B,0,0,0.62,1
1435,2.73,B,1,1,0.98,1
231,3.68,B,0,0,0.88,1
484,7.53,A,1,1,0.61,1
1141,2.27,A,0,0,0.66,0
872,1.63,A,0,0,0.49,0
821,1.18,C,0,0,0.64,1
189,4.25,A,0,1,0.38,0
186,0.53,A,1,1,0.94,1
496,6.68,A,0,1,0.8,1
423,3.59,A,0,0,0.86,0
701,4.29,A,0,0,0.67,0
1070,2.03,B,0,0,0.39,0
584,1.48,B,0,0,0.68,0
277,6.52,C,0,0,0.53,0
794,1.68,C,0,1,0.31,1
1835,8.07,C,0,1,0.73,1
933,1.64,A,0,0,0.9,0
397,5.24,A,0,1,0.8,1
363,5.66,A,0,1,0.46,0
823,4.02,B,0,0,0.87,0
1303,29.21,B,0,0,0.52,0
1033,2.86,B,0,0,0.45,1
278,11.24,A,0,1,0.97,1
1475,1.43,A,0,0,0.31,0
1338,2.56,B,1,0,0.42,1
1279,1.29,A,0,0,0.63,0
1211,5.13,B,0,1,0.42,1
1100,5.58,C,0,0,0.42,0
286,3.52,A,0,0,0.74,1
1241,6.87,B,0,1,0.87,1
316,10.61,B,0,0,0.76,0
1583,7.99,A,0,0,0.37,1
640,1.88,A,0,0,0.93,0
547,2.43,A,0,0,0.95,1
527,2.89,B,1,1,0.5,1
1307,1.64,A,0,0,0.69,0
1266,2.74,C,1,1,0.64,1
1147,1.86,C,1,0,0.77,1
143,27.78,A,0,0,0.98,0
1458,8.15,A,0,0,0.99,1
834,10.33,B,0,0,0.66,0
1723,13.26,C,1,1,0.36,1
1058,5.97,A,0,0,0.53,0
1593,1.47,B,0,0,0.59,0
1313,7.6,C,0,1,0.67,1
1959,0.58,A,1,0,0.97,1
1376,1.1,A,0,1,0.48,1
822,0.65,C,0,0,0.68,1
1844,1.23,A,0,1,0.5,0
81,7.47,A,0,1,0.94,1
1027,11.34,A,0,0,0.99,1
961,2.13,A,0,0,0.91,1
1234,1.13,C,0,1,0.54,1
1359,2.09,A,0,0,0.49,1
42,5.71,C,0,0,0.6,0
106,2.66,A,0,1,0.82,0
1590,16.74,A,0,0,0.31,1
272,1.2,B,0,0,1.0,1
883,23.7,C,0,0,0.92,1
923,0.56,A,0,0,0.32,0
1103,3.5,B,1,1,0.57,1
1846,1.95,A,0,0,0.78,1
302,4.68,C,0,1,0.47,1
926,1.01,C,0,0,0.4,0
739,10.93,B,0,1,0.74,1
1240,1.23,B,0,0,0.93,1
181,4.93,A,0,0,0.97,1
767,0.67,A,0,0,0.31,0
935,2.36,A,0,0,0.91,1
1428,1.31,A,0,0,0.69,1
1289,19.55,B,0,1,0.47,1
1297,0.56,A,0,0,0.73,0
910,2.67,A,0,0,1.0,1
1297,2.3,C,0,0,0.49,1
526,5.86,C,1,0,0.49,1
1043,0.79,A,1,1,0.79,1
280,8.82,B,0,0,0.33,1
751,3.64,A,1,1,0.87,1
1345,3.51,A,1,0,0.76,1
1403,1.79,A,1,1,0.89,1
576,3.87,C,0,0,0.46,1
1932,2.76,B,1,1,0.89,1
562,1.91,B,0,0,0.61,0
659,1.42,A,1,0,0.39,1
400,7.02,A,0,0,0.93,1
968,1.27,A,1,1,0.79,1
1148,1.42,C,0,0,0.42,1
584,4.8,A,0,0,0.47,0
353,1.78,A,1,0,0.49,1
1443,3.58,A,0,0,0.97,0
1579,4.53,B,0,0,0.92,1
1411,2.1,A,0,0,0.54,0
1797,2.6,A,1,0,0.63,1
465,1.68,A,1,1,0.5,1
1456,3.58,B,0,0,0.82,1
453,24.9,B,1,0,0.41,1
206,2.75,C,0,0,0.54,1
877,5.8,A,0,1,0.72,1
372,5.55,C,0,0,0.91,1
1443,8.22,A,0,1,0.74,1
1797,6.72,A,0,0,0.96,0
1607,0.56,B,0,0,0.95,1
1427,2.35,B,0,0,0.8,1
1770,10.71,A,0,0,0.5,1
1542,4.38,B,0,0,0.78,0
877,1.05,A,1,0,0.43,1
575,2.12,B,0,1,0.53,1
680,2.17,B,0,1,0.83,0
1327,10.82,A,0,0,0.9,1
1915,4.53,A,1,0,0.59,1
34,5.19,A,0,0,0.67,0
246,2.79,A,0,0,0.57,0
470,0.81,A,0,0,0.64,0
1354,0.89,A,1,0,0.66,1
109,3.23,A,1,0,0.78,1
749,1.48,A,1,0,0.83,0
1723,1.05,B,0,0,0.98,1
417,2.02,B,0,1,0.61,1
1188,7.27,B,1,0,0.36,1
987,0.88,A,0,1,0.78,1
1467,3.47,A,0,0,0.65,0
760,9.25,B,0,0,0.89,1
1467,2.06,C,0,1,0.4,1
152,2.3,C,0,0,0.75,1
538,11.28,B,0,0,0.62,0
1318,5.75,B,0,0,0.59,0
1038,8.49,B,0,0,0.7,1
532,2.21,A,0,1,0.78,1
729,29.19,B,0,0,0.9,1
1469,1.26,A,1,0,0.46,1
427,16.84,A,0,1,0.51,1
1114,12.12,B,0,0,0.68,1
554,4.51,C,0,1,0.54,1
1019,4.9,A,0,0,0.7,1
826,7.96,B,0,0,0.44,1
1410,2.33,A,0,0,0.52,0
168,4.25,A,0,1,0.53,1
1819,12.13,B,0,0,0.99,1
636,0.85,C,0,1,0.9,1
1250,12.3,A,0,0,0.89,1
782,7.02,B,0,0,0.66,0
1703,7.85,A,0,1,0.63,1
1078,0.83,C,1,0,0.35,1
1665,1.54,B,0,0,0.44,0
1248,13.47,B,0,1,0.93,1
1544,1.16,C,0,0,0.67,1
137,5.49,A,1,0,0.99,1
1287,8.13,A,0,0,0.71,0
1583,1.82,B,0,0,0.56,1
886,6.5,B,0,0,0.49,0
1755,0.84,B,0,1,0.94,1
1385,3.95,A,0,0,0.56,1
615,2.54,B,0,0,0.4,1
550,5.69,B,0,0,0.49,0
173,11.49,A,0,0,0.75,1
658,1.17,B,0,0,0.39,1
1568,3.49,A,0,1,0.36,1
140,3.25,C,0,0,0.62,0
1631,2.46,A,0,0,0.36,0
705,3.77,A,0,1,0.58,0
513,11.13,A,0,0,0.53,1
1457,18.68,A,0,0,0.57,1
1782,0.51,B,1,0,0.64,1
193,7.22,C,0,0,0.43,1
835,5.27,B,0,0,0.61,0
680,26.53,A,0,0,0.55,1
991,0.97,A,0,0,0.86,1
1556,8.84,A,1,0,0.79,1
1032,14.09,A,0,0,0.91,1
563,12.66,A,0,0,0.77,0
1268,4.61,B,0,1,0.38,0
140,2.48,A,0,1,0.65,1
706,5.61,B,0,0,0.82,0
1047,2.33,B,0,0,0.89,1
823,3.16,A,0,1,0.43,1
1799,3.45,C,1,0,0.46,1
668,2.3,A,0,1,0.9,1
389,2.59,A,0,0,0.64,0
1093,0.54,C,0,0,0.62,1
936,2.26,A,0,1,0.65,0
1325,3.7,A,0,1,0.42,1
1193,1.45,A,0,0,0.74,1
1480,8.69,A,0,1,0.87,1
547,4.36,B,1,0,0.89,1
586,8.4,C,0,1,0.32,1
1419,1.19,B,0,0,0.8,1
1103,9.09,B,0,0,0.36,0
1415,16.38,B,1,0,0.98,1
694,2.67,C,0,0,0.64,0
1258,2.17,B,1,0,0.84,1
1541,5.7,C,1,0,0.74,1
1698,5.55,A,0,0,0.97,1
49,1.1,A,0,0,0.98,1
1179,13.57,A,0,0,0.5,0
375,3.76,C,0,0,0.64,0
1643,7.73,A,0,0,0.65,1
257,2.73,B,0,0,0.42,0
21,2.02,B,0,0,0.93,0
1569,1.09,C,0,1,0.54,1
746,2.1,B,1,0,0.36,1
519,25.63,B,0,0,0.41,1
1278,5.86,C,0,0,0.66,1
180,8.62,C,1,0,0.92,1
1065,16.41,A,0,0,0.74,0
1659,0.91,C,1,1,0.45,1
730,1.4,A,0,1,0.51,0
1004,13.65,B,0,0,0.98,1
824,4.66,A,0,1,0.34,1
438,5.54,A,0,0,1.0,0
1068,3.29,C,0,0,0.93,1
214,8.92,B,0,0,0.77,1
899,4.14,A,0,0,0.96,1
1417,9.25,A,0,1,0.41,1
914,24.76,C,0,0,0.96,1
1299,5.7,A,1,0,0.45,1
1610,4.26,A,0,0,0.68,0
1476,2.77,B,0,1,0.64,1
1643,1.58,A,1,0,0.66,1
706,5.85,B,0,0,0.49,1
759,0.82,A,0,0,0.85,1
1518,16.15,A,0,1,0.82,1
994,5.71,C,0,0,0.97,1
1503,16.52,C,1,0,0.65,1
1299,2.09,C,1,0,0.68,1
995,15.14,B,0,1,0.93,1
1948,5.24,A,0,0,0.94,1
1777,8.81,A,1,0,0.75,1
1142,1.49,B,1,0,0.87,1
1522,3.97,A,0,1,0.65,1
1211,4.71,A,0,0,0.57,1
258,2.99,A,0,0,0.9,1
1869,1.96,A,0,0,0.84,1
1905,12.26,A,1,0,0.47,1
1038,0.94,A,0,1,0.33,0
1190,1.34,C,0,0,0.7,1
239,2.43,A,0,0,0.89,1
637,13.11,B,0,0,0.47,0
1294,4.65,A,0,1,0.84,1
837,2.84,C,0,0,0.59,1
330,3.08,B,0,0,0.53,1
1160,9.59,A,0,1,0.42,1
37,0.64,A,0,0,0.95,0
860,0.56,B,0,0,0.46,1
519,0.74,A,0,0,0.5,0
237,3.67,A,0,1,0.53,1
650,4.85,A,0,0,0.5,0
550,5.4,A,0,0,0.41,0
1212,7.07,A,0,0,0.55,1
1709,1.55,A,0,0,0.63,1
681,2.02,A,1,1,0.69,1
1865,1.9,C,0,1,0.41,1
919,1.31,C,0,1,0.85,1
1321,1.9,A,0,1,0.52,1
1527,5.26,A,0,1,0.94,1
1298,2.78,C,0,0,0.53,1
